symbol,name,industry,momentum_20d,turnover_change,pe_percentile,pb_percentile,roe,gross_margin,revenue_growth_yoy,net_profit_growth_yoy,volatility_60d,momentum_20d_score,momentum_20d_weighted_score,turnover_change_score,turnover_change_weighted_score,pe_percentile_score,pe_percentile_weighted_score,pb_percentile_score,pb_percentile_weighted_score,roe_score,roe_weighted_score,gross_margin_score,gross_margin_weighted_score,revenue_growth_yoy_score,revenue_growth_yoy_weighted_score,net_profit_growth_yoy_score,net_profit_growth_yoy_weighted_score,volatility_60d_score,volatility_60d_weighted_score,composite_score,rank
002558,巨人网络,unknown,0.0639782861574254,0.3275016505471217,0.4753559693318729,0.8050383351588171,6.81,95.377689,2.217004406829204,2.105778080960714,0.4957638442286938,0.42851057464093634,0.08570211492818727,1.5020320666136098,0.10514224466295269,0.01057050471094909,0.00042282018843796355,-1.125947637386692,-0.04503790549546768,0.8238615213950845,0.12357922820926268,2.715228431895679,0.27152284318956793,6.048134238712746,1.330589532516804,0.8043677505273832,0.10456780756855982,-0.3467429504570921,-0.017337147522854604,1.95915153824545,1
300308,中际旭创,unknown,-0.0687039720675598,-0.0131769074088956,0.9441401971522454,0.9780941949616648,17.54,46.058133,1.921169094232574,2.6228365713294144,0.6292611371421176,-0.54875566054534,-0.109751132109068,-0.15453101910631944,-0.010817171337442363,-1.348228629807307,-0.05392914519229228,-1.6087700484882683,-0.06435080193953073,3.3510253183037397,0.502653797745561,0.543553955426308,0.0543553955426308,5.1745769025774315,1.138406918567035,1.0213228841349373,0.13277197493754186,-1.0273787721876377,-0.05136893860938189,1.5379708976050532,2
603986,兆易创新,unknown,0.3407581967213113,0.0793222920412135,0.8685651697699891,0.9923329682365828,6.12,57.076718,1.193786758368052,5.227881381914544,0.8290261062985564,2.4671227055356746,0.49342454110713496,0.2952500301826073,0.020667502112782513,-1.1291698908312329,-0.04516679563324932,-1.6484959430725759,-0.06593983772290303,0.6613505223394488,0.09920257835091732,1.0287322853226328,0.10287322853226329,3.0267258901593377,0.6658796958350542,2.114386542235106,0.27487025049056374,-2.04588027860356,-0.10229401393017801,1.443517149142386,3
002466,天齐锂业,unknown,-0.0025397900440231,-0.2403607496744013,0.9474260679079956,0.5268346111719606,4.31,62.65606,0.9843829227260856,16.991224018669723,0.5609848944814473,-0.0614258401508211,-0.012285168030164221,-1.2592215198147412,-0.08814550638703189,-1.3577529228062664,-0.054310116912250656,-0.3497647739702336,-0.013990590958809343,0.2350535538022012,0.03525803307033018,1.274405920683291,0.1274405920683291,2.4083877504885933,0.5298453051074905,7.050225757656965,0.9165293484954055,-0.6792724135204458,-0.03396362067602229,1.406378275777277,4
002709,天赐材料,unknown,0.0078157136980667,0.0662919018696952,0.4852135815991237,0.4501642935377875,8.84,38.65346,0.9129078266885278,10.057510118643863,0.6717952251804856,0.014847237281499809,0.002969447456299962,0.23188923788568863,0.016232246651998204,-0.018002374285930035,-0.0007200949714372014,-0.1358561108239653,-0.005434244432958611,1.3019735910805057,0.19529603866207584,0.21750602099839322,0.021750602099839325,2.1973325051003654,0.4834131511220804,4.140874391036941,0.5383136708348023,-1.244238779845837,-0.062211938992291854,1.1896088784304082,5
688256,寒武纪,unknown,0.0543026477832511,-0.0703465958995448,0.8762322015334063,0.9550930996714128,8.2,54.330376,1.5955547349373238,1.8503872248538205,0.7985552391349897,0.3572450202748093,0.07144900405496186,-0.43252091123197445,-0.030276463786238213,-1.1513932411621388,-0.046055729646485556,-1.5445974495443877,-0.06178389798177551,1.1512387513767275,0.17268581270650912,0.9078033616101842,0.09078033616101842,4.21308650504263,0.9268790311093785,0.6972070359449604,0.09063691467284485,-1.8905245911727548,-0.09452622955863775,1.1197887777315756,6
301165,锐捷网络,unknown,0.5997490589711418,1.0613239418896887,1.0,1.0,2.43,35.696828,0.1826164370688592,0.1458707318709653,0.8341436615144308,4.374710263092619,0.8749420526185239,5.070272247650928,0.354919057335565,-1.5101416107896222,-0.06040566443158489,-1.6698868093872021,-0.0667954723754881,-0.20773003782764696,-0.03115950567414704,0.08731745541778253,0.008731745541778253,0.04089149297359893,0.008996128454191765,-0.017999483935755643,-0.0023399329116482338,-2.0719721290343176,-0.10359860645171588,0.9832898021054749,7
301308,江波龙,unknown,0.3111286321416895,0.0929354534903763,0.5758211041229909,0.9986023759608664,39.4,55.527428,1.3279283242027424,-26.440496580336394,0.8904813895222805,2.2488872502886297,0.44977745005772596,0.3614445710774884,0.02530111997542419,-0.28063369991459425,-0.01122534799658377,-1.6659874660817702,-0.0666394986432708,8.499562186935911,1.2749343280403866,0.9605128238650068,0.09605128238650068,3.4228258279492088,0.7530216821488259,-11.173505059806713,-1.4525556577748728,-2.359209982029005,-0.11796049910145026,0.9507048590926859,8
600176,中国巨石,unknown,0.7264610389610391,0.0506894599387024,0.9934282584884996,0.9934282584884996,4.0,39.637799,0.1792905093141292,0.7348310313396862,0.7974202099013012,5.308002636122242,1.0616005272244484,0.1560217412488492,0.010921521887419445,-1.4910930247917031,-0.05964372099166813,-1.6515517811175227,-0.06606207124470091,0.16204136582068374,0.02430620487310256,0.2608491500909053,0.026084915009090534,0.031070526828283103,0.0068355159022222825,0.22912528597115842,0.029786287176250596,-1.8847376456976825,-0.09423688228488414,0.9395922975512808,9
688111,金山办公,unknown,-0.1076857020180335,0.0981585389046768,0.0032858707557502,0.0032858707557502,15.7,86.593651,0.2395402490296936,4.449659523721703,0.4900735984780383,-0.8358741417905878,-0.1671748283581176,0.38684203237591697,0.02707894226631419,1.3788939322281646,0.055155757289126583,1.110925811514283,0.044437032460571325,2.9176626541553774,0.4376493981233066,2.3284432969091213,0.23284432969091215,0.20897897753625333,0.045975375057975734,1.7878485772552593,0.23242031504318372,-0.3177312378760895,-0.015886561893804475,0.8924997596794684,10
688012,中微公司,unknown,0.5217391304347827,0.1511313978257602,0.9726177437020812,0.9726177437020812,4.0,39.892564,0.3412853769759474,1.972019978207037,0.6871463472001369,3.8001310375973287,0.7600262075194658,0.644424673209584,0.04510972712467088,-1.4307725024649582,-0.05723090009859833,-1.5934908582635356,-0.06373963433054143,0.16204136582068374,0.02430620487310256,0.2720671474304945,0.027206714743049448,0.5094170900568638,0.11207175981251002,0.7482435255227343,0.09727165831795546,-1.3225064609523545,-0.06612532304761773,0.8788964149139967,11
000657,中钨高新,unknown,0.1507437070938213,-0.1210424019375681,0.976998904709748,0.9890470974808324,9.03,30.450264,1.0647162841370146,2.64444359498522,0.824218059655527,1.0675780535730734,0.2135156107146147,-0.6790312915367106,-0.047532190407569744,-1.443471559796904,-0.05773886239187616,-1.6393284289377354,-0.06557313715750943,1.3467229966175647,0.2020084494926347,-0.14370305758040905,-0.014370305758040906,2.6456001257827184,0.5820320276721981,1.0303890822371369,0.1339505806908278,-2.021366457338889,-0.10106832286694445,0.8452238499883346,12
000792,盐湖股份,unknown,-0.0067911714770797,-0.0252929857278234,0.4085432639649507,0.4654983570646221,6.54,68.722459,0.9489197680942416,1.5478404989642418,0.4669517840596405,-0.09273923188085187,-0.018547846376170376,-0.21344593352667052,-0.014941215346866937,0.20423112902313026,0.008169245160925211,-0.17863784345321898,-0.0071455137381287595,0.7602702608950532,0.11404053913425798,1.5415260032805334,0.15415260032805334,2.303670370338008,0.5068074814743618,0.5702599563387515,0.0741337943240377,-0.19984468891982327,-0.009992234445991163,0.8066768505144788,13
000776,广发证券,unknown,0.268474215842637,-0.0148398964830612,0.1566265060240964,0.8510405257393209,3.32,53.447282,0.64334766481177,0.707328073430963,0.4115132178905272,1.9347177344219362,0.38694354688438726,-0.1626173698550917,-0.01138321588985642,0.9344269256100434,0.03737707702440173,-1.2542928352744527,-0.050171713410978105,0.0018855986354194396,0.0002828397953129159,0.8689183258218806,0.08689183258218806,1.4013617507288765,0.30829958516035283,0.21758518360588225,0.028286073868764694,0.08280878829000085,0.004140439414500043,0.790666465429073,14
300502,新易盛,unknown,-0.0500384190108511,0.048425937223798,0.8532311062431545,0.976998904709748,14.52,49.160955,1.0575948145903613,0.7679983242812436,0.8322427165100468,-0.41127522414465445,-0.0822550448289309,0.14501527170261122,0.010151069019182786,-1.0847231901694208,-0.04338892760677683,-1.6057142104433215,-0.06422856841773286,2.639745293451537,0.3959617940177305,0.6801796651635906,0.06801796651635907,2.624571493629445,0.5774057285984778,0.24304211473535747,0.03159547491559647,-2.062280162726337,-0.10311400813631687,0.7901454840775892,15
601995,中金公司,unknown,0.1529411764705883,0.2907427919849292,0.04052573932092,0.2617743702081051,3.35,50.580742,0.5426139123898579,0.7519470039139868,0.27815866104438,1.0837634324888346,0.2167526864977669,1.3232906496818475,0.09263034547772933,1.270951944906621,0.050838077796264834,0.3897480329068648,0.015589921316274593,0.008951294246534099,0.0013426941369801147,0.7426967565567697,0.07426967565567698,1.103910078539279,0.24286021727864138,0.23630706170030796,0.030719918021040037,0.7627168703164582,0.038135843515822915,0.763139379696197,16
600221,海航控股,unknown,-0.0738255033557048,-0.3593882675397519,0.6615553121577218,0.2935377875136911,28.1,11.865639,0.0495465135840258,5.336286241065985,0.2924816274763522,-0.5864781086504001,-0.11729562173008001,-1.837997576234662,-0.12865983033642636,-0.5291394318967694,-0.021165577275870776,0.30112872960341097,0.012045149184136439,5.8381501734160794,0.8757225260124119,-0.9620347507378774,-0.09620347507378774,-0.35204404558274527,-0.07744969002820395,2.1598726741505456,0.2807834476395709,0.6896912395018564,0.03448456197509282,0.7622614903668432,17
601066,中信建投,unknown,0.1678891605541972,0.0425743913194824,0.1883899233296823,0.420591456736035,4.02,60.636339,0.6226498155531204,0.9902937757158304,0.4359351771995239,1.1938622529674718,0.2387724505934944,0.11656189618745384,0.00815933273312177,0.8423587599534328,0.03369435039813731,-0.053348483610404666,-0.0021339393444161866,0.1667518295614267,0.025012774434214003,1.1854721000850443,0.11854721000850443,1.340244104213265,0.29485370292691826,0.3363161645086281,0.043721101386121654,-0.041706548162019824,-0.0020853274081009915,0.7585416557279947,18
600276,恒瑞医药,unknown,0.2058198810535261,0.3779799525172371,0.1193866374589266,0.0887185104052574,4.15,86.598607,0.1297536297930368,0.2178231694834509,0.375141095424272,1.4732395632136264,0.2946479126427253,1.7474848247068044,0.12232393772947632,1.0423689129315872,0.04169475651726349,0.8725704440084412,0.03490281776033765,0.19736984387625683,0.029605476581438524,2.3286615230972365,0.23286615230972366,-0.11520445344732873,-0.02534497975841232,0.012191395831975517,0.0015848814581568172,0.2682520203033917,0.013412601015169584,0.745693556255879,19
603259,药明康德,unknown,0.2735086992543496,0.3170570010486766,0.2749178532311062,0.5125958378970427,5.68,50.402592,0.2880681350545131,0.2667667359492536,0.4325983599941411,1.9717990346326202,0.39435980692652406,1.4512445415453574,0.10158711790817503,0.591552377647493,0.02366209510589972,-0.3100388793859264,-0.012401555175437055,0.5577203200431012,0.08365804800646519,0.7348523264896576,0.07348523264896577,0.3522745512527037,0.07750040127559481,0.03272786936371585,0.00425462301728306,-0.024693788794507752,-0.0012346894397253878,0.7448710802737452,20
600999,招商证券,unknown,0.2682060390763765,0.211852553815337,0.515881708652793,0.8291347207009858,2.54,54.776452,0.4795847326766156,0.4172841360432298,0.3419452978493789,1.9327424884302424,0.3865484976860485,0.9396837178001178,0.06577786024600825,-0.10689577560955457,-0.004275831024382183,-1.193176074375519,-0.04772704297502076,-0.18182248725356012,-0.027273373088034018,0.9274453037186157,0.09274453037186157,0.9177943581209818,0.201914758786616,0.09588421096902343,0.012464947425973046,0.4375007628605994,0.021875038143029973,0.7020493855721003,21
300059,东方财富,unknown,0.1436285097192224,0.0151108986467056,0.1818181818181818,0.2902519167579409,3.99,85.70517,0.4433801552734964,0.3766989204629791,0.4497593125675086,1.0151713321025149,0.20303426642050298,-0.016980433096842825,-0.0011886303167789978,0.8614073459513523,0.03445629383805409,0.3102962437382508,0.012411849749530033,0.15968613395031225,0.023952920092546837,2.289321056827966,0.22893210568279662,0.8108876676566943,0.17839528688447273,0.0788548592946588,0.010251131708305643,-0.11218888926840215,-0.005609444463420108,0.6846357795960097,22
601872,招商轮船,unknown,0.1945945945945946,-0.0082560153058554,0.8214676889375685,0.95947426067908,6.28,41.793716,0.5291773001206375,2.193070304187576,0.6489530788528122,1.3905601335493691,0.27811202670987384,-0.1306029848454737,-0.009142208939183159,-0.9926550245128101,-0.039706200980512404,-1.556820801724175,-0.062272832068967,0.6990342322653934,0.104855134839809,0.3557800517860954,0.03557800517860954,1.0642337764860907,0.23413143082693996,0.8409951269380863,0.10932936650195123,-1.127778118385772,-0.05638890591928861,0.5944958161492324,23
688506,百利天恒,unknown,0.5544773658674456,0.3529497470595635,0.1534847298355521,0.46123727486296,-12.6,54.149966,0.4025334356297025,0.4574807965188741,0.6724548428988315,4.041263292323271,0.8082526584646543,1.6257744516268506,0.11380421161387956,0.9435335518839117,0.03774134207535647,-0.16674950875682487,-0.006669980350272995,-3.7476435389960616,-0.5621465308494092,0.8998594175831973,0.08998594175831974,0.6902734269539598,0.15186015392987115,0.11275052688204959,0.014657568494666448,-1.2476018401593187,-0.06238009200796594,0.5851052731290997,24
601211,国泰海通,unknown,0.2421580928481808,0.0382528908751798,0.9200438116100766,0.6845564074479737,1.95,51.560281,0.5890692461451719,-0.478154123527424,0.2971753686220827,1.7408873098607096,0.34817746197214194,0.09554842779101255,0.006688389945370879,-1.278383814481602,-0.05113535257926408,-0.7898054524425565,-0.03159221809770226,-0.3207811676054806,-0.04811717514082209,0.7858285285663624,0.07858285285663624,1.2410857160531872,0.2730388575317012,-0.2798371645835534,-0.03637883139586194,0.6657602047071163,0.03328801023535582,0.5725519953275556,25
600549,厦门钨业,unknown,0.1548744701662863,-0.1472843686913451,0.9014238773274916,0.9813800657174152,6.24,21.003788,0.8699074166140104,1.8913564286121216,0.7636901939461607,1.098003035256979,0.2196006070513958,-0.806633902284549,-0.05646437315991844,-1.2244128208208298,-0.04897651283283319,-1.6179375626231085,-0.06471750250492433,0.6896133047839073,0.10344199571758608,-0.5596571432534527,-0.05596571432534528,2.070358739366594,0.45547892266065065,0.7143975071213241,0.09287167592577214,-1.7127651912337538,-0.08563825956168769,0.5596308389706958,26
002049,紫光国微,unknown,0.1112595164952583,0.2713324818918399,0.4654983570646221,0.3997809419496166,2.4,52.581069,0.4610709920817148,1.8027101427409715,0.4892950492571545,0.7767587171233955,0.1553517434246791,1.2289072421216336,0.08602350694851436,0.039143383707828217,0.0015657353483131287,0.004712439243582314,0.00018849756974329256,-0.21479573343876163,-0.03221936001581424,0.83077660647457,0.083077660647457,0.8631260571192235,0.18988773256622918,0.677201972857348,0.08803625647145524,-0.31376180540933857,-0.01568809027046693,0.5562236826901102,27
600030,中信证券,unknown,0.1571654790182106,0.052074376767536,0.1500547645125958,0.6330777656078861,3.46,57.093996,0.4091381560472926,0.5460182246042824,0.3326118074780803,1.1148773756959396,0.22297547513918792,0.16275595460587014,0.011392916822410911,0.953475511607963,0.03813902046431852,-0.6461810643300621,-0.02584724257320248,0.03485884482062094,0.005228826723093141,1.0294930827556923,0.10294930827556924,0.7097761763832523,0.1561507588043155,0.14990038496839841,0.019487050045891796,0.4850875546961675,0.024254377734808374,0.5547304914363931,28
002422,科伦药业,unknown,0.3790811904073967,0.8786268270096758,0.9989047097480832,0.9989047097480832,1.86,45.313711,-0.0297619984388495,-0.223437694653757,0.5165764499208154,2.7493892893404386,0.5498778578680877,4.181900234473522,0.2927330164131466,-1.5069668464566355,-0.06027867385826542,-1.6668309713422553,-0.06667323885369021,-0.34197825443882435,-0.05129673816582365,0.5107750257635535,0.05107750257635535,-0.5862301942458773,-0.128970642734093,-0.17295943626519697,-0.022484726714475607,-0.4528560009052228,-0.022642800045261143,0.5413415564859806,29
002371,北方华创,unknown,0.3330900283671474,0.1641771805768552,0.7656078860898138,0.8335158817086528,4.25,40.772789,0.2579609024194313,0.0341820163451886,0.5754801202200274,2.4106430968939434,0.4821286193787887,0.7078603125390655,0.049550221877734585,-0.8307420435304943,-0.03322968174121977,-1.2053994265553056,-0.04821597706221223,0.22092216257997208,0.03313832438699581,0.31082585332902807,0.03108258533290281,0.2633724059737567,0.05794192931422648,-0.0648635054163278,-0.008432255704122614,-0.7531763082469592,-0.03765881541234797,0.5263049503707458,30
300033,同花顺,unknown,0.158987701040681,0.0709874373744576,0.6462212486308871,0.9463307776560788,2.67,84.988113,0.4080630395873801,1.1258475463877566,0.6121751353554562,1.128298884188458,0.22565977683769162,0.2547214666926478,0.017830502668485345,-0.4846927312349572,-0.01938770924939829,-1.5201507451848142,-0.06080602980739257,-0.1512044729387302,-0.02268067094080953,2.257747082701482,0.2257747082701482,0.706601518623457,0.15545233409716053,0.39319384271127145,0.05111519955246529,-0.940265808228917,-0.047013290411445856,0.5259448210169048,31
688041,海光信息,unknown,0.2375424378490855,-0.1036286442386774,0.990870786516854,0.990870786516854,2.99,55.603983,0.6805592058147492,0.3581779413699901,0.7529771331770966,1.7068908747364604,0.3413781749472921,-0.5943561996825946,-0.04160493397778162,-1.4836800392529528,-0.059347201570118115,-1.644416485120719,-0.06577665940482877,-0.07583705308684108,-0.011375557963026162,0.9638837491739473,0.09638837491739473,1.5112418537724737,0.3324732078299442,0.07108354991958818,0.009240861489546464,-1.6581446610292199,-0.082907233051461,0.5184690332169619,32
600150,中国船舶,unknown,0.0470097357440888,0.2500732153583438,0.0230010952902519,0.1829134720700986,3.3,17.475269,0.5489683424884451,2.5164066344362186,0.4387878376956207,0.30352934805605963,0.06070586961121193,1.1255332100716995,0.07878732470501897,1.321748174234406,0.05286992696937624,0.6097683721430261,0.024390734885721046,-0.002824865105323631,-0.00042372976579854466,-0.7150274521839959,-0.0715027452183996,1.1226737581719015,0.24698822679781834,0.9766654196340805,0.12696650455243047,-0.05625083500488703,-0.0028125417502443515,0.5159695707871345,33
300661,圣邦股份,unknown,0.2620196770001857,0.0876143911135345,0.8904709748083242,0.660460021905805,2.31,51.628284,0.3908119723144698,1.0695942971911006,0.6428331630924217,1.8871770687835054,0.3774354137567011,0.3355706928881036,0.023489948502167252,-1.1926651774909642,-0.04770660709963857,-0.7225770154537291,-0.028903080618149165,-0.23599282027210539,-0.03539892304081581,0.788822886005901,0.0788822886005901,0.6556617026828149,0.14424557459021928,0.369590263188543,0.04804673421451059,-1.096575733666282,-0.054828786683314104,0.5052625622222705,34
600519,贵州茅台,unknown,-0.0293703706682322,-0.0619787043363884,0.0065717415115005,0.0076670317634173,10.57,89.759217,0.063360092771233,0.0147141829498314,0.2197220583672126,-0.25904548323845367,-0.05180909664769073,-0.39183170451465077,-0.027428219316025557,1.369369639229205,0.0547747855691682,1.098702459334496,0.043948098373379846,1.7094287046547811,0.25641430569821716,2.467831795981969,0.24678317959819693,-0.3112546167233035,-0.06847601567912677,-0.07303211007907603,-0.009494174310279884,1.0606558338286969,0.05303279169143485,0.4977456549772741,35
688521,芯原股份,unknown,0.3294404973357017,0.0299009531046916,0.1226725082146768,0.9923329682365828,-10.38,32.294832,1.1447345915095886,0.5468712515067049,0.9270720095683742,2.3837626118991166,0.47675252237982335,0.054936797027308984,0.003845575791911629,1.0328446199326276,0.0413137847973051,-1.6484959430725759,-0.06593983772290303,-3.2247820637735813,-0.4837173095660372,-0.062481700970626275,-0.006248170097062628,2.881882193724187,0.6340140826193211,0.150258310752489,0.01953358039782357,-2.5457672237466675,-0.1272883611873334,0.49226586741284867,36
000938,紫光股份,unknown,0.1982014388489208,0.5414602825318084,0.7973713033953997,0.9791894852135816,5.21,12.882941,0.346087720553208,1.2605586077008408,0.6276647319458241,1.4171262106759104,0.2834252421351821,2.5424144544676945,0.17796901181273864,-0.9228102091871051,-0.036912408367484204,-1.6118258865332151,-0.06447303546132861,0.44702442213563925,0.06705366332034589,-0.91724017091114,-0.091724017091114,0.5235976908300999,0.11519149198262198,0.4497179243190508,0.058463330161476604,-1.0192395018033398,-0.05096197509016699,0.4580313034022715,37
605117,德业股份,unknown,-0.0837861023734628,-0.1139600168550777,0.5290251916757941,0.5027382256297919,10.87,41.446767,0.7376755192225697,0.6836578908958162,0.6060351658400155,-0.6598425300320333,-0.13196850600640667,-0.6445929113906322,-0.04512150379734426,-0.1449929476053934,-0.005799717904215736,-0.2825363369814063,-0.011301453479256252,1.7800856607659268,0.267012849114889,0.340502941669034,0.0340502941669034,1.679897766254552,0.36957750857600147,0.20765329444810804,0.026994928278254046,-0.9089611794582593,-0.045448058972912965,0.457996339975912,38
000858,五 粮 液,unknown,-0.0902812037493832,0.0756440793747703,0.5728368017524644,0.0076670317634173,6.5,81.434385,0.3366696360864269,0.8256778567096432,0.2137351902108241,-0.7076819575011962,-0.14153639150023925,0.2773645742818461,0.01941552019972923,-0.2719835209248566,-0.010879340836994265,1.098702459334496,0.043948098373379846,0.7508493334135671,0.11262740001203506,2.1012667527910804,0.21012667527910805,0.49578749905114716,0.10907324979125238,0.2672441555054479,0.03474174021570823,1.0911798754649462,0.054558993773247313,0.4320759453072266,39
000301,东方盛虹,unknown,0.1654008438818566,0.6079613925708753,0.7469879518072289,0.6495071193866374,4.11,18.92074,0.056518178366302,3.1986308476394143,0.4391112495325792,1.175534649120045,0.235106929824009,2.8657787563218187,0.20060451294252732,-0.7767710498697225,-0.0310708419947889,-0.6920186350042623,-0.027680745400170494,0.18794891639477068,0.0281923374592156,-0.6513794242662942,-0.06513794242662943,-0.3314577644448425,-0.07292070817786535,1.2629232571569966,0.16418002343040958,-0.057899749949914335,-0.002894987497495717,0.42837857815921165,40
000975,山金国际,unknown,-0.0746336996336995,0.3584430266796827,0.0076670317634173,0.4184008762322015,8.93,40.667789,0.3740839601363783,1.0088845375910749,0.5872569788712764,-0.5924308482589479,-0.11848616965178958,1.6524857430354571,0.11567400201248201,1.366194874896218,0.05464779499584872,-0.04723680752051142,-0.0018894723008204568,1.3231706779138495,0.19847560168707742,0.3062024171401603,0.03062024171401603,0.6062663900378458,0.13337860580832608,0.3441167543870262,0.04473517807031341,-0.8132206109482564,-0.040661030547412824,0.41649475178804085,41
300442,润泽科技,unknown,0.0356730399076092,0.3560681398808663,0.452354874041621,0.6768893756845564,4.17,46.798813,0.5355318005448095,0.3534834398843687,0.6636072925602678,0.22002933676757158,0.04400586735351432,1.6409377611862714,0.11486564328303901,0.07724055570366721,0.0030896222281466884,-0.7684145861279296,-0.030736583445117184,0.2020803076169998,0.030312046142549967,0.5761681146298366,0.05761681146298367,1.0829976637796244,0.23825948603151736,0.06911376078353204,0.008984788901859166,-1.202492613121314,-0.06012463065606571,0.40627305130242725,42
603893,瑞芯微,unknown,0.0166830225711482,0.1717318340370726,0.1336254107338444,0.5914567360350493,7.23,43.042024,0.3621520262379383,0.5714890563532458,0.4958414385415275,0.08015907078930778,0.01603181415786156,0.7445951165217045,0.05212165815651932,1.0010969766027618,0.04004387906411047,-0.5300592186220882,-0.021202368744883526,0.9227812599506892,0.13841718899260336,0.41074645542469496,0.0410746455424695,0.5710331776813616,0.12562729908989956,0.16058781745065281,0.020876416268584868,-0.3471385649877286,-0.017356928249386432,0.39563360427777866,43
601878,浙商证券,unknown,0.0747252747252746,0.0301085208790594,0.0460021905805038,0.0394304490690032,2.02,43.471174,0.4081602778750193,0.3520165672113251,0.2886012642569929,0.5076671189882814,0.10153342379765629,0.055946103614919744,0.003916227253044383,1.2550781232416879,0.05020312492966752,1.0100831560310424,0.0404033262412417,-0.30429454451287985,-0.045644181676931975,0.4296430996194811,0.04296430996194811,0.706888648712069,0.15551550271665518,0.06849826841140504,0.008904774893482655,0.7094752677078399,0.035473763385391995,0.39327027150215593,44
601788,光大证券,unknown,0.1149674620390455,0.1708280476779771,0.1391018619934282,0.1193866374589266,1.74,49.72509,0.2310068939221075,0.4234494978328158,0.3005586772259056,0.8040694520349776,0.16081389040699554,0.7402004192773652,0.05181402934941557,0.9852231549378287,0.03940892619751315,0.7870069787499341,0.03148027914999736,-0.3702410368832828,-0.05553615553249242,0.7050200668246082,0.07050200668246082,0.18378125894528985,0.04043187696796377,0.09847116566702042,0.012801251536712655,0.6485104089886035,0.03242552044943017,0.38414162520799655,45
688082,盛美上海,unknown,0.4860557768924303,0.014791133703643,0.8557919621749409,0.9302600472813238,0.77,45.637953,0.1306223283172973,-0.5766364866721703,0.8905744972904007,3.53730662503703,0.7074613250074061,-0.018535302895408855,-0.00129747120267862,-1.0921459843191221,-0.043685839372764886,-1.475313726683723,-0.05901254906734892,-0.5986985283093216,-0.08980477924639824,0.5250522847802283,0.05250522847802283,-0.11263931691208225,-0.024780649720658094,-0.3211598672410813,-0.04175078274134057,-2.359684691896756,-0.11798423459483781,0.38165024753940174,46
002027,分众传媒,unknown,-0.0612244897959184,0.0853041957210514,0.5783132530120482,0.140197152245345,12.13,68.740819,0.0200926917014121,0.5764605334981621,0.2760024904252066,-0.4936658122224761,-0.09873316244449522,0.3243372755842713,0.022703609290898992,-0.28785734258978934,-0.011514293703591574,0.728946055895947,0.02915784223583788,2.0768448764327405,0.31152673146491106,1.5423344441227012,0.15423344441227013,-0.4390167668476413,-0.09658368870648108,0.1626738241757974,0.021147597142853664,0.7737101041801897,0.038685505209009485,0.3706235849012134,47
000408,藏格矿业,unknown,-0.0178759200841219,0.0310948303184104,0.6341730558598029,0.8225629791894852,9.24,64.231124,0.2960846818591527,1.1060445278939968,0.4824551723978724,-0.17438353522713415,-0.03487670704542683,0.06074207263078285,0.0042519450841548,-0.44977032357210506,-0.017990812942884203,-1.1748410461058387,-0.04699364184423355,1.3961828658953672,0.20942742988430507,1.3437602816107443,0.13437602816107444,0.37594621238807824,0.08270816672537722,0.3848845960724958,0.05003499748942446,-0.2788886997076941,-0.013944434985384705,0.3669929705264067,48
600489,中金黄金,unknown,-0.072072072072072,0.3606871320947893,0.008762322015334,0.8324205914567361,7.54,20.465565,0.5200921898426547,1.2923460119915542,0.5218637668302538,-0.5735632757847428,-0.11471265515694856,1.663397795186417,0.1164378456630492,1.3630201105632318,0.054520804422529275,-1.2023435885103593,-0.048093743540414374,0.9957934479322067,0.149369017189831,-0.5833565689285088,-0.05833565689285089,1.0374068075780503,0.22822949766717107,0.4630557587679376,0.06019724863983189,-0.4798133811701491,-0.023990669058507455,0.3636216889336912,49
600061,国投资本,unknown,0.0776699029126213,-0.0111070258417469,0.3132530120481928,0.1051478641840087,1.39,67.839446,0.3181142026793644,0.126276557011598,0.2875164080430109,0.5293556683178541,0.10587113366357082,-0.14446613736993105,-0.010112629615895175,0.4804356259929626,0.019217425039718503,0.8267328733342411,0.03306931493336964,-0.4526741523462865,-0.06790112285194297,1.502644534143004,0.1502644534143004,0.44099608542429947,0.09701913879334588,-0.026221100839314265,-0.0034087431091108546,0.7150064060893649,0.03575032030446825,0.35976929057182444,50
601901,方正证券,unknown,0.1104294478527607,0.0393770155976014,0.0339539978094194,0.0514786418400876,2.88,54.731855,0.1469523889607724,0.2434651359363187,0.2791768931676091,0.7706448774280816,0.15412897548561633,0.10101452912149075,0.007071017038504353,1.2900005309045406,0.051600021236181626,0.9764689375366287,0.03905875750146515,-0.10174460366092801,-0.0152616905491392,0.9254815762546641,0.09254815762546642,-0.06441909550094586,-0.01417220101020809,0.022950635572484206,0.0029835826244229468,0.7575254147986603,0.03787627073993302,0.35583289069224255,51
600460,士兰微,unknown,0.3731958762886596,0.1070739890322727,0.76013143483023,0.6407447973713034,1.73,19.788227,0.1731228962367648,0.405689077490849,0.6448194029667899,2.7060412272208283,0.5412082454441657,0.4301937644677827,0.03011356351274479,-0.8148682218655616,-0.03259472887462247,-0.6675719306446889,-0.026702877225787555,-0.3725962687536543,-0.05588944031304815,-0.6131816072265588,-0.06131816072265588,0.012858489857828616,0.0028288677687222956,0.09101898290628457,0.011832467777816994,-1.1067025757882516,-0.05533512878941258,0.3541428085779231,52
600196,复星医药,unknown,0.0935513169845594,0.4697474052618704,0.0799561883899233,0.0799561883899233,1.78,49.700914,0.0693076759401873,0.1386946804680022,0.2712060308321664,0.6463296326379359,0.12926592652758717,2.193707726433815,0.15355954085036708,1.156660428919104,0.04626641715676416,0.8970171483680148,0.035880685934720595,-0.36082010940179665,-0.054123016410269495,0.7039555316503027,0.07039555316503027,-0.2936922950926905,-0.06461230492039191,-0.021010518895832143,-0.0027313674564581787,0.7981648488814436,0.03990824244407218,0.3538096772914219,53
605499,东鹏饮料,unknown,-0.0482922836520572,0.1789662795363178,0.0120481927710843,0.0120481927710843,8.42,46.88969,0.2145548209913255,0.2830719615108246,0.4279768035151097,-0.3984141291418803,-0.07968282582837606,0.7797728965135099,0.0545841027559457,1.3534958175642717,0.05413983270257087,1.0864791071547093,0.04345916428618837,1.2030538525249013,0.1804580778787352,0.5801696766349387,0.058016967663493874,0.13520075353783106,0.029744165778322833,0.039569459737155886,0.005144029765830265,-0.0011307874547003898,-5.6539372735019494e-05,0.34580697562997603,54
000999,华润三九,unknown,0.0028913672036348,0.1955934184358914,0.0153340635268346,0.0668127053669222,4.74,57.679586,0.1862043421006369,-0.1529168597975589,0.2517585596021082,-0.021422853563697945,-0.004284570712739589,0.8606230230592713,0.060243611614149,1.343971524565312,0.05375886098261248,0.9336872049073751,0.037347488196295006,0.3363285242281773,0.05044927863422659,1.0552782065446353,0.10552782065446353,0.05148603875096447,0.011326928525212183,-0.14336924979048538,-0.0186380024727631,0.8973177625651395,0.04486588812825698,0.34059730354971307,55
601881,中国银河,unknown,0.1173553719008264,0.223714782689959,0.2913472070098576,0.3329682365826944,2.53,55.150152,0.1566219469940284,0.1009209123711516,0.3466562201909999,0.8216575132558663,0.16433150265117327,0.9973642791655233,0.06981549954158664,0.5439309126526942,0.02175723650610777,0.1911185599853301,0.007644742399413203,-0.18417771912393172,-0.027626657868589758,0.9439003332784236,0.09439003332784236,-0.03586633997289206,-0.007890594794036254,-0.03686020139204104,-0.0047918261809653355,0.4134821297548521,0.020674106487742608,0.3383040420702745,56
000963,华东医药,unknown,0.0937836866690622,0.4558411433608056,0.0273822562979189,0.0273822562979189,3.97,33.943073,0.0416981900748529,0.0956379807591829,0.3592409537797568,0.6480411429015042,0.12960822858030083,2.1260879728929085,0.1488261581025036,1.3090491169024598,0.052361964676098396,1.0436973745254559,0.04174789498101823,0.1549756702095692,0.02324635053143538,0.010094842718662997,0.0010094842718662998,-0.37521896854114584,-0.08254817307905209,-0.03907689284003747,-0.005079996069204872,0.3493188774483162,0.01746594387241581,0.3266378558673815,57
601688,华泰证券,unknown,0.1305039787798407,-0.1649711178606446,0.583789704271632,0.7995618838992333,2.61,56.348928,0.4148114461417231,0.3179454018320375,0.3618236796820568,0.9185030878978796,0.18370061757957593,-0.8926364260595611,-0.06248454982416928,-0.3037311642547224,-0.012149246570188897,-1.1106684471619586,-0.04442673788647834,-0.1653358641609594,-0.02480037962414391,0.996685707952195,0.09966857079521951,0.7265285516778508,0.15983628136912717,0.054202179333054455,0.00704628331329708,0.33615085187676563,0.016807542593838282,0.3231983817460775,58
601899,紫金矿业,unknown,-0.0315068493150684,0.0722871117480052,0.08105147864184,0.592552026286966,10.35,36.325753,0.2479376967547459,0.975000663373942,0.514869298338417,-0.27478163720267906,-0.054956327440535815,0.26104118520851954,0.01827288296459637,1.1534856645861176,0.046139426583444706,-0.5331150566670346,-0.021324602266681387,1.6576136035066071,0.24864204052599106,0.11501073737095957,0.011501073737095958,0.233775381997388,0.05143058403942536,0.32989925173529017,0.042886902725587726,-0.44415209017605245,-0.022207604508802624,0.32038437636012135,59
688396,华润微,unknown,0.2929065223925458,-0.0220553968542178,0.9978094194961664,0.9003285870755751,1.4254,25.484978,0.2134013101880418,2.9655888777373605,0.7191473688622676,2.114672979067073,0.4229345958134146,-0.1977030284054007,-0.01383921198837805,-1.5037920821236488,-0.06015168328494595,-1.3918055472970539,-0.05567222189188215,-0.4443366315251712,-0.06665049472877568,-0.3623381335849597,-0.03623381335849597,0.13179460903237858,0.028994813987123287,1.1651400224590904,0.15146820291968177,-1.4856636396477072,-0.07428318198238536,0.2965670054853564,60
000166,申万宏源,unknown,0.0762124711316396,0.1133363319268816,0.0460021905805038,0.0460021905805038,2.08,55.146892,0.1171766856374336,0.1915405509848056,0.2666446017767297,0.5186210087733529,0.10372420175467059,0.460644656744569,0.032245125972119836,1.2550781232416879,0.05020312492966752,0.9917481277613621,0.03966992511045449,-0.2901631532906506,-0.043524472993597595,0.9437567865929407,0.09437567865929408,-0.15234228441435615,-0.033515302571158354,0.0011633417256327,0.00015123442433225101,0.8214212906088887,0.041071064530444436,0.2844005798162273,61
002415,海康威视,unknown,0.0815217391304345,0.2144756889546482,0.2847754654983571,0.2322015334063527,3.28,49.085471,0.1178284513812466,0.3641996536797005,0.3504192336833568,0.5577262246340837,0.11154524492681675,0.9524388171134087,0.06667071719793861,0.5629794986506136,0.022519179946024544,0.47225566012042525,0.01889022640481701,-0.007535328846066702,-0.0011302993269100053,0.6768558989037763,0.06768558989037764,-0.15041771786429775,-0.033091897930145504,0.07361023002064962,0.009569329902684451,0.3942964090210654,0.019714820451053272,0.2823729114626568,62
600809,山西汾酒,unknown,-0.0843235270015571,-0.0851979640789238,0.0076670317634173,0.0076670317634173,12.57,75.046836,-0.0968014975921106,-0.1902985253458503,0.2908992917968965,-0.6638009111300058,-0.13276018222600117,-0.5047362817736423,-0.03533153972415496,1.366194874896218,0.05464779499584872,1.098702459334496,0.043948098373379846,2.1804750787290876,0.32707126180936313,1.820005560364744,0.18200055603647441,-0.7841877868745121,-0.17252131311239266,-0.15905440803577273,-0.020677073044650454,0.6977587764678558,0.03488793882339279,0.2812655419312597,63
688072,拓荆科技,unknown,0.2376348084789885,-0.1331893187681279,0.8751625487646294,1.0,8.25,41.689075,0.5696734185625845,-4.88291766570018,0.8010440398720279,1.7075712271734382,0.34151424543468767,-0.7380961594507438,-0.05166673116155207,-1.1482927886080778,-0.045931711544323114,-1.6698868093872021,-0.0667954723754881,1.1630149107285854,0.1744522366092878,0.3511724233457211,0.035117242334572106,1.1838127443904463,0.2604388037658982,-2.1280537215157014,-0.27664698379704117,-1.9032137393780006,-0.09516068696890004,0.2753209422971412,64
002916,深南电路,unknown,0.1801608579088471,0.0410745108852639,0.9945235487404164,0.9945235487404164,4.83,29.169011,0.3789944730356398,0.7300517686647927,0.6891884088997924,1.2842489831419643,0.25684979662839286,0.10926866771065394,0.007648806739745776,-1.4942677891246898,-0.059770711564987596,-1.6546076191624695,-0.06618430476649878,0.35752561106152103,0.053628841659228155,-0.20012011936417307,-0.020012011936417308,0.6207663986057407,0.13656860769326296,0.22711993146776804,0.029525591090809846,-1.3329179105977857,-0.0666458955298893,0.2716087200136466,65
002460,赣锋锂业,unknown,-0.042955064737243,-0.2191970516596497,0.7973713033953997,0.4786418400876232,4.02,29.718673,1.4381349449959853,-6.163357219347345,0.5089553504007587,-0.3591030418494026,-0.07182060836988052,-1.1563121935016718,-0.08094185354511703,-0.9228102091871051,-0.036912408367484204,-0.21530789999257927,-0.008612315999703172,0.1667518295614267,0.025012774434214003,-0.175917003340884,-0.0175917003340884,3.7482494605764813,0.8246148813268259,-2.665319697440064,-0.3464915606672084,-0.41399983220607095,-0.020699991610303548,0.2665572168672547,66
601136,首创证券,unknown,0.0502152080344333,0.0376925340386897,0.0255417956656346,0.0270897832817337,1.41,42.074872,0.3079880870817346,0.3018869367912622,0.3140028850288288,0.32713913491895014,0.06542782698379003,0.09282367030780121,0.006497656921546085,1.314383802170969,0.052575352086838764,1.0445133684306467,0.041780534737225865,-0.4479636886055434,-0.06719455329083152,0.36816011678721206,0.03681601167872121,0.4110951838408401,0.09044094044498482,0.047464128429046834,0.006170336695776089,0.5799651282135603,0.028998256410678016,0.26151236266872935,67
002202,金风科技,unknown,0.0395652173913043,0.3715540181013192,0.8477546549835706,0.9211391018619934,2.23,16.762874,0.6347910291970178,0.5964766067741036,0.5252887258260208,0.24869702517635417,0.049739405035270835,1.7162384621281501,0.12013669234897052,-1.0688493685044878,-0.04275397474017951,-1.4498664701510406,-0.05799465880604163,-0.2548346752350777,-0.038225201285261655,-0.7463961457436946,-0.07463961457436946,1.3760952882897044,0.30274096342373497,0.171072467526154,0.022239420778400017,-0.49727553137261876,-0.024863776568630938,0.2563792556118932,68
600887,伊利股份,unknown,-0.0233735878457344,-0.018157145767026,0.0646221248630887,0.0394304490690032,9.44,38.374706,0.0547189730083519,0.1067985066148442,0.2112298504465771,-0.21487640252960133,-0.04297528050592027,-0.17874762690125545,-0.012512333883087883,1.201107129580916,0.04804428518323664,1.0100831560310424,0.0404033262412417,1.4432875033027976,0.21649312549541963,0.20523172260418746,0.02052317226041875,-0.3367705481887976,-0.07408952060153547,-0.034393992504296006,-0.004471219025558481,1.1039533478847827,0.05519766739423914,0.2466132225584538,69
600183,生益科技,unknown,0.1231071636575422,-0.1366209631976378,0.9901423877327492,0.9901423877327492,6.68,28.10132,0.4508853513988153,1.054723584166001,0.7151258243492482,0.8640221213870432,0.17280442427740864,-0.7547826674580264,-0.05283478672206185,-1.481568731792743,-0.05926274927170972,-1.6423842669826823,-0.0656953706793073,0.7932435070802546,0.11898652606203819,-0.2471334642015852,-0.02471334642015852,0.8330493868810183,0.183270865113824,0.36335058703720563,0.047235576314836734,-1.4651597987494496,-0.07325798993747248,0.24653314873739765,70
600160,巨化股份,unknown,0.2609254498714652,-0.017771199347781,0.5553121577217963,0.9934282584884996,5.58,34.387847,0.0374793152196148,0.4592621601067577,0.6477230140264983,1.8791175795885742,0.37582351591771485,-0.17687094703322104,-0.012380966292325473,-0.2211872915970714,-0.008847491663882856,-1.6515517811175227,-0.06606207124470091,0.534168001339386,0.0801252002009079,0.029679454218352757,0.002967945421835276,-0.3876766736328132,-0.08528886819921891,0.11349797805519894,0.014754737147175862,-1.1215066340315318,-0.056075331701576595,0.24501666958592905,71
688008,澜起科技,unknown,0.1223526463093698,0.1346573503226007,0.9726177437020812,0.9748083242059146,5.39,69.78822,0.1951456338601906,0.6130464033993444,0.9011226066729506,0.8584647519384402,0.17169295038768806,0.5643189596892929,0.03950232717825051,-1.4307725024649582,-0.05723090009859833,-1.5996025343534286,-0.06398410137413714,0.48941859580232683,0.07341278937034902,1.5884543649575213,0.15884543649575214,0.07788833313065624,0.017135433288744374,0.17802507058294872,0.023143259175783335,-2.413464217613068,-0.1206732108806534,0.2418439835431786,72
603288,海天味业,unknown,0.0330727600721587,-0.046285511120137,0.0142387732749178,0.0142387732749178,5.97,41.995545,0.0856578319270879,0.1096825171178978,0.2309736307925712,0.20087707240896743,0.04017541448179349,-0.31552292613104393,-0.022086604829173077,1.3471462888982988,0.05388585155593195,1.0803674310648161,0.043214697242592644,0.6260220442838758,0.09390330664258136,0.36466713276288537,0.03646671327628854,-0.2454127351444558,-0.05399080173178027,-0.03318387624922898,-0.004313903912399768,1.0032897024535743,0.050164485122678716,0.23741915784851356,73
002602,世纪华通,unknown,-0.0568942436412315,-0.1579094738276947,0.3198247535596933,0.8116100766703176,6.46,72.047882,0.3518554214783047,0.5017972384024945,0.4257262225677734,-0.46177154532022774,-0.09235430906404556,-0.8582989000947204,-0.060080923006630434,0.4613870399950432,0.01845548159980173,-1.1442826656563718,-0.04577130662625487,0.7414284059320809,0.11121426088981214,1.687953441770941,0.1687953441770941,0.5406288471566689,0.11893834637446717,0.13134548228644938,0.01707491269723842,0.010343797377928055,0.0005171898688964028,0.2367889969103791,74
300760,迈瑞医疗,unknown,-0.0262483551492485,0.1687489380155713,0.0240963855421686,0.0098576122672508,5.96,61.870083,0.0139412906931235,-0.113720139814182,0.3009697385047535,-0.23605039411917766,-0.04721007882383554,0.730090665559464,0.05110634658916249,1.3185734099014197,0.05274293639605679,1.092590783244603,0.043703631329784116,0.6236668124135043,0.09355002186202564,1.2397972111078854,0.12397972111078855,-0.45718093200809845,-0.10057980504178166,-0.12692250386255852,-0.01649992550213261,0.646414613446954,0.0323207306723477,0.23311357859241547,75
603369,今世缘,unknown,-0.0134978789047436,0.1364889124995643,0.0602409638554216,0.0164293537787513,8.03,74.400313,-0.1523040779930173,-0.1576146310081551,0.3922162865757368,-0.14213723584921303,-0.028427447169842607,0.5732250038787556,0.0401257502715129,1.2138061869128625,0.0485522474765145,1.0742557549749228,0.042970230198996914,1.1111998095804114,0.1666799714370617,1.7915373905063128,0.17915373905063128,-0.9480785876652913,-0.2085772892863641,-0.14534041088664268,-0.01889425341526355,0.18119417435800206,0.009059708717900104,0.2306426572811472,76
600926,杭州银行,unknown,-0.0154043645699615,0.1147500167142652,0.3964950711938664,0.2311062431544359,4.69,73.741999,0.0428880891898106,0.1009403733757794,0.1949395729281808,-0.156179385066517,-0.0312358770133034,0.467518755448268,0.03272631288137876,0.23915353668598258,0.009566141467439303,0.47531149816537205,0.01901245992661488,0.32455236487631967,0.04868285473144795,1.762550030780235,0.17625500307802353,-0.3717053748054666,-0.08177518245720265,-0.03685203565269471,-0.004790764634850312,1.1870093124139136,0.05935046562069568,0.22779141360024371,77
302132,中航成飞,unknown,-0.0143251639627199,0.0070590954807296,0.3209200438116101,0.3253012048192771,0.9,9.706345,0.7971160036156695,0.2315946624400306,0.3754424858511927,-0.14823057315632643,-0.029646114631265288,-0.05613264736669634,-0.003929285315668744,0.4582122756620565,0.01832849102648226,0.21250942629995692,0.008500377051998277,-0.5680805139944917,-0.08521207709917375,-1.0571143509474465,-0.10571143509474466,1.8554166072923968,0.4081916536043273,0.01796984478895855,0.0023360798225646115,0.26671538149662616,0.013335769074831309,0.22619345843935132,78
603993,洛阳钼业,unknown,0.0065970313358987,-0.1789929817497908,0.316538882803943,0.8608981380065718,9.06,22.884939,0.4433616810727994,0.966549619126292,0.646247082931338,0.005871077696211952,0.0011742155392423905,-0.9608182988815885,-0.06725728092171121,0.47091133299400306,0.018836453319760124,-1.281795377678973,-0.05127181510715892,1.3537886922286797,0.20306830383430194,-0.47682493744274285,-0.04768249374427429,0.8108331161110846,0.1783832855444386,0.32635323621088624,0.042425920707415216,-1.1139816007379835,-0.055699080036899176,0.22197750913511471,79
600233,圆通速递,unknown,0.022313564298297,0.7229995293006839,0.2092004381161007,0.2398685651697699,3.88,11.17545,0.1001383655529581,0.6075721419819211,0.3988003409305332,0.12163061634002835,0.02432612326800567,3.425156287740176,0.23976094014181235,0.7820382376266879,0.03128152950506752,0.45086479380579875,0.01803459175223195,0.1337785833762253,0.020066787506433797,-0.9924256535927191,-0.09924256535927191,-0.20265388979565638,-0.0445838557550444,0.17572809811398715,0.02284465275481833,0.1476253794536615,0.0073812689726830754,0.2198694727867364,80
300832,新产业,unknown,-0.078911870503597,0.396000501228551,0.0010952902519167,0.0010952902519167,4.72,73.479355,0.0034009683846123,0.0102382295104823,0.3967444248286068,-0.6239415565890616,-0.12478831131781232,1.835110462077955,0.12845773234545688,1.3852434608941377,0.055409738435765514,1.1170374876041764,0.044681499504167055,0.3316180604874341,0.049742709073115114,1.750985099595578,0.1750985099595578,-0.48830492392445624,-0.10742708326338037,-0.07491019755765649,-0.009738325682495344,0.15810746575597504,0.007905373287798752,0.21934184234217316,81
300803,指南针,unknown,0.0121457489878542,-0.1317862378836083,0.6725082146768894,0.7404162102957283,3.91,89.982389,0.3096279911199924,-0.1979602889070756,0.5928231181147802,0.04673995106617899,0.009347990213235798,-0.7312736226479595,-0.05118915358535717,-0.5608870752266352,-0.022435483009065407,-0.9456531927348374,-0.037826127709393496,0.14084427898733998,0.021126641848100997,2.4776586674214163,0.24776586674214163,0.415937574664992,0.09150626642629824,-0.16226924536667084,-0.02109500189766721,-0.8415995666198578,-0.04207997833099289,0.19512102069730045,82
300628,亿联网络,unknown,-0.1441624365482233,0.1664670190870745,0.0219058050383351,0.0208105147864184,6.79,65.237071,0.1882590545012195,0.1667643468274127,0.4462018166349072,-1.1045421724911317,-0.22090843449822636,0.7189947436903765,0.050329632058326364,1.3249229385673926,0.052996917542695705,1.062032402795136,0.04248129611180544,0.8191510576543416,0.12287265864815124,1.3880548698382003,0.13880548698382003,0.05755329649454719,0.012661725228800382,-0.009232628524120313,-0.0012002417081356407,-0.09405099961876302,-0.004702549980938151,0.19333649038629896,83
300750,宁德时代,unknown,-0.0706947890818858,-0.1107650784292858,0.2694414019715224,0.3220153340635268,5.98,24.815621,0.5244869554824236,0.485237160697918,0.4020527342355842,-0.5634189491761088,-0.11268378983522176,-0.6290573957741833,-0.04403401770419284,0.607426199312426,0.024297047972497043,0.2216769404347971,0.008867077617391885,0.6283772761542474,0.09425659142313711,-0.39181174669993,-0.039181174669993005,1.0503838917926387,0.2310844561943805,0.12439695723972607,0.01617160444116439,0.13104305526218932,0.0065521527631094666,0.1853299482022728,84
300015,爱尔眼科,unknown,-0.0070257611241216,0.1067935187950182,0.0164293537787513,0.0142387732749178,5.25,47.733116,0.0614579616114594,0.1246192247007125,0.3789390104838375,-0.09446709319588596,-0.018893418639177192,0.428829966744596,0.030018097672121723,1.3407967602323256,0.05363187040929303,1.0803674310648161,0.043214697242592644,0.4564453496171254,0.06846680244256881,0.6173080222638138,0.06173080222638138,-0.31687132493277076,-0.06971169148520957,-0.02691650911446682,-0.0034991461848806866,0.2488883539621827,0.012444417698109136,0.1774024313817993,85
603019,中科曙光,unknown,0.1479907733398082,0.486488226904344,0.9069003285870756,0.8981380065717415,1.02,26.557524,0.237100491766558,0.2218611631617539,0.5419491249096766,1.0473014224583117,0.20946028449166235,2.275110639854399,0.15925774478980795,-1.240286642485763,-0.04961146569943052,-1.3856938712071603,-0.05542775484828641,-0.5398177315500332,-0.08097265973250498,-0.3151110098647195,-0.03151110098647195,0.2017747400268946,0.044390442805916815,0.013885717604659273,0.0018051432886057055,-0.582218560352367,-0.02911092801761835,0.1682797060916806,86
601059,信达证券,unknown,0.0352286773794807,-0.1462097416476236,0.0287769784172661,0.0959232613908872,1.81,49.715329,0.1300645168920713,1.208739649579825,0.2481111167624833,0.2167564011035913,0.04335128022071826,-0.8014084853923735,-0.05609859397746615,1.305006431384916,0.052200257255396634,0.8524693318806508,0.03409877327522603,-0.35375441379068207,-0.05306316206860231,0.7045902633899457,0.07045902633899458,-0.11428645044191438,-0.025143019097221164,0.4279749509573087,0.05563674362445013,0.9159142464352155,0.04579571232176077,0.1672370178932568,87
688183,生益电子,unknown,0.0240135765803988,-0.2682132268839147,0.579408543263965,0.9649507119386638,7.47,35.205505,0.5262092922163832,1.221559998920275,0.9478695111507472,0.13415199353789706,0.026830398707579414,-1.3946553019346368,-0.09762587113542459,-0.29103210692277603,-0.011641284276911041,-1.572099991948908,-0.06288399967795633,0.9793068248396058,0.14689602372594088,0.06568316457375409,0.0065683164573754095,1.0554696940115822,0.23220333268254809,0.4333543048522026,0.05633605963078634,-2.651803265905522,-0.13259016329527612,0.16409281281866206,88
601058,赛轮轮胎,unknown,0.0426731078904991,0.1196656091713539,0.2606790799561884,0.0273822562979189,4.8,26.862188,0.1247538992263854,0.0171655452919194,0.422874618022398,0.2715880769880376,0.05431761539760752,0.49142101996914733,0.03439947139784032,0.6328243139763184,0.025312972559052738,1.0436973745254559,0.04174789498101823,0.3504599154504064,0.052568987317560954,-0.30169582355000363,-0.030169582355000363,-0.1299679084144288,-0.028592939851174334,-0.07200353080931296,-0.009360459005210686,0.024882700457040528,0.0012441350228520264,0.14146809546454645,89
002736,国信证券,unknown,0.0899689762150981,0.1329725123952445,0.1259583789704271,0.1960569550930996,1.83,54.021713,-0.045427217435879,-0.0962791482408633,0.3070435283069299,0.6199440350172699,0.123988807003454,0.556126368019818,0.03892884576138726,1.0233203269336677,0.04093281307734671,0.5730983156036662,0.02292393262414665,-0.349043950049939,-0.05235659250749085,0.8942120884257606,0.08942120884257607,-0.6324872379263934,-0.13914719234380654,-0.11960435180138769,-0.0155485657341804,0.6154474018818179,0.030772370094090895,0.13991562681752376,90
300418,昆仑万维,unknown,0.0629629629629628,0.4674421040560417,0.0963855421686747,0.8871851040525739,-6.98,66.233597,0.4569128244411999,0.1534300570904234,0.6441250029621614,0.4210322494373718,0.08420644988747436,2.1824981073079335,0.15277486751155536,1.1090389639243052,0.04436155855697221,-1.3551354907576934,-0.054205419630307734,-2.42400322784726,-0.363600484177089,1.4319346257577004,0.14319346257577004,0.8508476113333918,0.1871864744933462,-0.014827629216184132,-0.001927591798103937,-1.1031621780210359,-0.0551581089010518,0.13683120851856567,91
000538,云南白药,unknown,0.0096291743495184,0.00190360439331,0.013143483023001,0.0164293537787513,4.96,30.633088,0.0702280674461037,0.0530679752173206,0.1665372009418094,0.028204214221834452,0.005640842844366891,-0.08120142855274327,-0.00568409999869203,1.3503210532312855,0.05401284212925142,1.0742557549749228,0.042970230198996914,0.38814362537635094,0.05822154380645264,-0.13565281855380393,-0.013565281855380393,-0.29097451693073667,-0.06401439372476207,-0.05693905236752781,-0.007402076807778615,1.331818779139037,0.06659093895695185,0.1367705455494066,92
002463,沪电股份,unknown,-0.0329530100585496,-0.074198326638856,0.9813800657174152,0.9813800657174152,7.81,35.632417,0.5390614097654189,0.629033090550732,0.7555825603971442,-0.28543328033992205,-0.05708665606798441,-0.4512501056877624,-0.03158750739814337,-1.4561706171288507,-0.058246824685154026,-1.6179375626231085,-0.06471750250492433,1.0593847084322379,0.15890770626483566,0.0844812635286287,0.00844812635286287,1.0934200707644128,0.24055241556817084,0.18473300384674302,0.024015290500076593,-1.671428429247848,-0.08357142146239241,0.13671362656734742,93
300896,爱美客,unknown,-0.0738268608414238,0.0702446306882984,0.0284775465498357,0.0098576122672508,3.86,92.489468,-0.0447768458955076,-0.3278643921701548,0.3295642667779908,-0.5864881071609446,-0.11729762143218891,0.25110953953321635,0.017577667767325146,1.3058743525694732,0.05223497410277893,1.092590783244603,0.043703631329784116,0.12906811963548226,0.019360217945322337,2.5880521891066555,0.25880521891066555,-0.6305667882501246,-0.1387246934150274,-0.2167763516314071,-0.028180925712082923,0.5006254380748807,0.025031271903744035,0.13250974140032085,94
000568,泸州老窖,unknown,-0.099562615101289,-0.0180947180913666,0.0186199342825848,0.0076670317634173,7.32,85.817777,-0.1418913447396839,-0.1925478672546567,0.247804668595282,-0.776043847405962,-0.15520876948119242,-0.17844406983665734,-0.012491084888566015,1.3344472315663525,0.0533778892626541,1.098702459334496,0.043948098373379846,0.9439783467840328,0.1415967520176049,2.2942794499605363,0.22942794499605365,-0.9173313471048918,-0.2018128963630762,-0.15999822055107674,-0.020799768671639976,0.9174766721260206,0.04587383360630103,0.12391199885151896,95
688036,传音控股,unknown,0.0,0.324738636822603,0.6473165388828039,0.072289156626506,3.35,22.004668,0.2457953632727831,0.4290490992343405,0.4560750784011379,-0.04271911109984803,-0.008543822219969606,1.4885968020967095,0.10420177614676968,-0.4878674955679439,-0.019514699822717755,0.9184080146826417,0.036736320587305665,0.008951294246534099,0.0013426941369801147,-0.5155856688466544,-0.05155856688466544,0.22744939233377867,0.05003886631343131,0.10082073016087593,0.013106694920913872,-0.14438981540117263,-0.007219490770058632,0.1185897724079892,96
603799,华友钴业,unknown,-0.0610488390712571,-0.1650502309482086,0.0503833515881708,0.3209200438116101,5.05,20.685805,0.4462378543185055,0.994457466952794,0.4907010468438882,-0.4923720633468245,-0.09847441266936491,-0.8930211166055178,-0.06251147816238625,1.2423790659097418,0.04969516263638967,0.2247327784797436,0.008989311139189745,0.4093407122096947,0.0614011068314542,-0.5736588014405452,-0.05736588014405452,0.8193260246037514,0.1802517254128253,0.3380632283426866,0.04394821968454926,-0.3209302827762787,-0.016046514138813937,0.10988724058978858,97
600415,小商品城,unknown,-0.0593445527015057,-0.1534873967924355,0.0120481927710843,0.4446878422782037,4.23,33.778523,0.4529137020291069,0.2329298777900068,0.4491882103387134,-0.47981920551543283,-0.09596384110308658,-0.8367963740103933,-0.058575746180727535,1.3534958175642717,0.05413983270257087,-0.12057692059923183,-0.004823076823969274,0.2162116988392291,0.03243175482588437,0.002849257719823359,0.0002849257719823359,0.8390388022682269,0.18458853649900991,0.01853009441263725,0.002408912273642843,-0.1092771250947252,-0.00546385625473626,0.10902744171057066,98
000001,平安银行,unknown,-0.0122295390404516,-0.1693068674365162,0.216867469879518,0.0098576122672508,2.83,71.910876,0.0465157673025007,0.0302922814982973,0.1890570279937661,-0.1327953257800346,-0.026559065156006922,-0.9137191814269887,-0.06396034269988922,0.7598148872957818,0.030392595491831275,1.092590783244603,0.043703631329784116,-0.11352076301278564,-0.017028114451917847,1.6819206941662552,0.16819206941662554,-0.36099338508164736,-0.07941854471796242,-0.06649561853142916,-0.008644430409085791,1.217001462201541,0.060850073110077056,0.10752787191345578,99
300014,亿纬锂能,unknown,0.0195775373518805,-0.2654949250717613,0.4216867469879518,0.3943044906900328,3.35,14.038297,0.6161017748273183,0.313489123781199,0.5676863460402863,0.10147851168743242,0.020295702337486485,-1.38143745087622,-0.09670062156133541,0.16613395702729142,0.0066453582810916565,0.019991629468315755,0.0007996651787326302,0.008951294246534099,0.0013426941369801147,-0.8663666971832795,-0.08663666971832795,1.3209087214182553,0.2905999187120162,0.05233234754821581,0.006803205181268055,-0.7134397579586281,-0.035671987897931405,0.10747726464998034,100
600958,东方证券,unknown,0.0657015590200444,-0.0417347530069502,0.0547645125958378,0.2135815991237677,1.94,49.095448,0.0528869542273549,0.1055038411836255,0.3101860067590483,0.44120327677896204,0.08824065535579241,-0.2933946831691872,-0.020537627821843107,1.2296800085777955,0.04918720034311182,0.5242049068845193,0.02096819627538077,-0.32313639947585215,-0.04847045992137782,0.6772952134071699,0.067729521340717,-0.34218022505269424,-0.07527964951159273,-0.034937227586669076,-0.00454183958626698,0.5994254784641254,0.02997127392320627,0.10726727039712762,101
600026,中远海能,unknown,-0.0125071063104035,-0.0846193598674859,0.5279299014238773,0.6637458926615553,4.5762,42.658288,0.2692181748058242,2.067376066923279,0.6238640403430182,-0.13483973717720021,-0.026967947435440044,-0.5019227957014315,-0.035134595699100206,-0.14181818327240672,-0.005672727330896269,-0.7317445295885692,-0.029269781183542766,0.2977498261914915,0.044662473928723724,0.39384951343068253,0.039384951343068256,0.29661344400837253,0.06525495768184196,0.7882544592044809,0.10247307969658252,-0.9998616792590445,-0.049993083962952226,0.10473732703828496,102
002142,宁波银行,unknown,0.0049083769633508,0.1295918026041167,0.452354874041621,0.3548740416210296,3.595,43.72547,0.1021357123546904,0.1030066064446542,0.2342415630338558,-0.006566643241522063,-0.0013133286483044126,0.539687531724646,0.037778127220725224,0.07724055570366721,0.0030896222281466884,0.1300017990863963,0.005200071963455852,0.0666544750706367,0.009998171260595504,0.44084044561076013,0.044084044561076015,-0.1967560240671026,-0.043286325294762576,-0.03598505468270343,-0.0046780571087514464,0.9866281530104033,0.049331407650520166,0.10020373383270102,103
601377,兴业证券,unknown,0.0633561643835616,-0.03632762408663,0.3778751369112815,0.2924424972617743,1.32,45.007707,0.1343735187410988,0.5216791808185939,0.2947204287519415,0.42392835986780253,0.08478567197356052,-0.26710230297692544,-0.018697161208384782,0.29312453034675445,0.01172498121387018,0.3041845676483577,0.012167382705934308,-0.4691607754388872,-0.07037411631583307,0.49730083559652283,0.049730083559652284,-0.10156261384648055,-0.02234377504622572,0.13968784500480783,0.018159419850625018,0.6782767133144952,0.03391383566572476,0.09906632239892349,104
000651,格力电器,unknown,0.0140405616224648,0.2050099522918262,0.3329682365826944,0.0339539978094194,4.07,27.415781,0.0346152317074131,0.0300958796705475,0.1989992453040618,0.06069612301095669,0.012139224602191339,0.9064112947801685,0.0634487906346118,0.4232898679992042,0.01693159471996817,1.025362346255776,0.04101449385023104,0.17852798891328456,0.026779198336992684,-0.2773196148823484,-0.02773196148823484,-0.3961338829545394,-0.08714945424999866,-0.0665780277473572,-0.008655143607156437,1.1663110766428966,0.05831555383214483,0.09509229663074992,105
002311,海大集团,unknown,0.0980209545983701,0.0879999982442016,0.3132530120481928,0.04052573932092,3.55,9.921644,0.1319061091240951,-0.3082066306955302,0.3448310423295848,0.6792505821449079,0.13585011642898157,0.3374457229518858,0.023621200606632007,0.4804356259929626,0.019217425039718503,1.0070273179860956,0.04028109271944382,0.056055931653964705,0.008408389748094705,-1.047634149156713,-0.1047634149156713,-0.1088485046120746,-0.02394667101465641,-0.20852805410492908,-0.02710864703364078,0.42278779735602456,0.021139389867801228,0.09269888144670337,106
000807,云铝股份,unknown,-0.1603669724770642,-0.0139017023223637,0.0952902519167579,0.6615553121577218,10.64,31.574311,0.1368408938240199,2.6945356353763987,0.5559064653496618,-1.223896078823252,-0.24477921576465042,-0.15805536330212833,-0.011063875431148984,1.112213728257292,0.044488549130291676,-0.7256328534986759,-0.029025314139947037,1.725915327747382,0.2588872991621073,-0.09420820445861759,-0.00942082044586176,-0.0942768250548562,-0.020740901512068362,1.0514074496330454,0.1366829684522959,-0.6533800473924314,-0.03266900236962157,0.09235968708139673,107
002384,东山精密,unknown,0.0137753489002303,0.0466013429474225,0.9802847754654984,0.9879518072289156,5.05,19.327535,0.5272343274234259,1.4347103169782645,0.8400936815859773,0.05874270857522916,0.011748541715045833,0.1361431092078711,0.009530017644550977,-1.452995852795864,-0.05811983411183456,-1.6362725908927886,-0.06545090363571154,0.4093407122096947,0.0614011068314542,-0.6334671316524807,-0.06334671316524808,1.0584964693381977,0.2328692232544035,0.5227911028047677,0.0679628433646198,-2.1023083007448307,-0.10511541503724153,0.09147886686003862,108
600660,福耀玻璃,unknown,0.0033582089552239,0.1057505492717296,0.0219058050383351,0.3428258488499452,4.46,37.37907,0.0507581346920471,-0.1567692112211456,0.2666684618337979,-0.01798434801588285,-0.0035968696031765703,0.42375848580908654,0.02966309400663606,1.3249229385673926,0.052996917542695705,0.16361601758080999,0.006544640703232399,0.27038203185777426,0.04055730477866614,0.16139115581047853,0.016139115581047855,-0.3484663100574006,-0.07666258821262813,-0.14498567700979573,-0.018848138011273444,0.8212996401304804,0.041064982006524024,0.08785845879172405,109
000333,美的集团,unknown,0.0280133641737343,0.2241612184417001,0.6396495071193866,0.3340635268346111,5.56,25.571131,0.0245463502194736,0.0203122095681187,0.2130858479027096,0.16361228020452606,0.032722456040905214,0.9995350908271582,0.06996745635790108,-0.4656441452370378,-0.018625765809481512,0.18806272194038362,0.007522508877615345,0.5294575375986429,0.07941863063979643,-0.358544582175631,-0.035854458217563105,-0.4258657807907506,-0.09369047177396514,-0.07068320635632094,-0.009188816826321724,1.094490546609076,0.0547245273304538,0.08699606661934037,110
601100,恒立液压,unknown,0.0025597269624573,0.2447144010360071,0.9868565169769988,0.7929901423877328,3.71,38.573534,0.3252141867120357,0.0558775146944612,0.4824301092870437,-0.023865537418100217,-0.004773107483620044,1.099475761540535,0.07696330330783746,-1.472044438793783,-0.05888177755175132,-1.0923334188922784,-0.04369333675569114,0.09373964157990927,0.01406094623698639,0.21398666137142716,0.021398666137142718,0.46196127407519033,0.10163148029654187,-0.055760183779171225,-0.007248823891292259,-0.27876091546082504,-0.013938045773041252,0.08551930452311242,111
300408,三环集团,unknown,0.051175554401839,-0.0037482990440269,0.9890470974808324,0.9890470974808324,3.59,43.488932,0.4625134848709036,0.4848352330095016,0.8726511028574262,0.33421253034878956,0.06684250606975792,-0.10868403460379579,-0.007607882422265706,-1.4783939674597564,-0.05913575869839026,-1.6393284289377354,-0.06557313715750943,0.06547685913545084,0.009821528870317627,0.43042503276083266,0.04304250327608327,0.8673855221143181,0.19082481486515,0.12422831040969573,0.016149680353260445,-2.2683022823223546,-0.11341511411611774,0.08094914104028611,112
601009,南京银行,unknown,-0.0264840182648401,0.0440799148243025,0.5323110624315444,0.2223439211391018,3.57,50.01173,0.1354001101337574,0.0804647960991964,0.2326844861362701,-0.2377861620268654,-0.04755723240537308,0.12388256432028844,0.008671779502420192,-0.15451724060435312,-0.006180689624174125,0.4997582025249456,0.019990328100997826,0.060766395394707774,0.009114959309206166,0.7176416072929607,0.07176416072929608,-0.09853124333699351,-0.021676873534138573,-0.0454434845631752,-0.005907652993212776,0.9945669081009143,0.04972834540504572,0.07794712449006742,113
601021,春秋航空,unknown,0.043355119825708,-0.1364023488877721,0.5093099671412924,0.0427163198247535,5.3,20.050963,0.1415825614602943,0.4514519817159561,0.3644058432216837,0.2766114105157466,0.05532228210314932,-0.7537196466506516,-0.05276037526554562,-0.08784718961163483,-0.0035138875844653934,1.0009156418962024,0.0400366256758481,0.46822150896898307,0.07023322634534745,-0.6016126250311461,-0.06016126250311461,-0.0802753912407981,-0.017660586072975583,0.11022086661067568,0.014328712659387838,0.32298569351077255,0.01614928467553863,0.06197402003317014,114
600900,长江电力,unknown,-0.0152118797537124,-0.1186852386776233,0.1467688937568455,0.380065717415115,3.01,55.646317,0.0644277817034939,0.3050157685080972,0.1456135570254486,-0.15476164531575612,-0.030952329063151224,-0.6675694911026958,-0.046729864377188714,0.9629998046069228,0.038519992184276916,0.05971752405262252,0.0023887009621049006,-0.07112658934609811,-0.010668988401914716,0.9657478305798477,0.09657478305798478,-0.30810189133937105,-0.06778241609466164,0.048776970430108334,0.0063410061559140835,1.4384979578684922,0.07192489789342461,0.059615782316789004,115
601169,北京银行,unknown,0.0,-0.0319512672710791,0.945235487404162,0.0416210295728368,2.905,48.614725,0.1443335084953583,0.055526590198123,0.1620879776508622,-0.04271911109984803,-0.008543822219969606,-0.24582209328578195,-0.01720754653000474,-1.351403394140293,-0.05405613576561172,1.0039714799411488,0.04015885919764595,-0.0958565239849992,-0.014378478597749881,0.6561276694545889,0.0656127669454589,-0.07215225697833605,-0.01587349653523393,-0.05590742992715523,-0.00726796589053018,1.3545031398822953,0.06772515699411477,0.05616933759811956,116
600036,招商银行,unknown,-0.0220321410057025,0.0053474351055582,0.3537787513691128,0.0744797371303395,3.37,51.374511,0.0380771572876741,0.0151799603068176,0.1748464229099761,-0.20499602575128661,-0.040999205150257324,-0.06445566425924915,-0.0045118964981474404,0.36296934567245925,0.01451877382689837,0.9122963385927483,0.03649185354370993,0.01366175798727717,0.0020492636980915754,0.7776485691301152,0.07776485691301152,-0.3859113356147802,-0.08490049383525164,-0.07283667225028367,-0.009468767392536877,1.2894542187886455,0.06447271093943228,0.05541709604495039,117
600918,中泰证券,unknown,0.0377358490566037,-0.0646860312572842,0.3296823658269441,0.0208105147864184,0.97,23.592161,0.2513666368602651,0.2680057962072266,0.2706763335559533,0.23522288078705414,0.04704457615741083,-0.4049961897262818,-0.02834973328083973,0.43281416099816405,0.017312566439926562,1.062032402795136,0.04248129611180544,-0.5515938909018908,-0.08273908363528362,-0.4456840251726157,-0.044568402517261574,0.24390052817433916,0.053658116198354616,0.03324777279596517,0.004322210463475472,0.8008655099435188,0.04004327549717594,0.04920482143476394,118
600547,山东黄金,unknown,-0.0802139037433155,0.3169095678404894,0.1358159912376779,0.2573932092004381,4.2,18.296676,0.2537264408259159,0.408736642906369,0.4784851026826024,-0.6335316339610448,-0.12670632679220897,1.450527641685978,0.10153693491801848,0.9947474479367886,0.03978989791747155,0.4019713850866515,0.01607885540346606,0.20914600322811447,0.03137190048421717,-0.6788586631402892,-0.06788586631402892,0.2508686755802108,0.055191108627646375,0.09229772597736428,0.011998704377057356,-0.25864730301710537,-0.012932365150855269,0.04844284347078383,119
603501,豪威集团,unknown,0.0168780794632561,0.6669985958421407,0.3274917853231106,0.0186199342825848,1.56,29.380635,-0.0089722038523395,-0.4192071575462485,0.5110993537061466,0.08159575506908687,0.016319151013817375,3.1528495136071895,0.22069946595250328,0.43916368966413727,0.017566547586565492,1.0681440788850294,0.04272576315540118,-0.4126352105499704,-0.061895281582495555,-0.19080173784004995,-0.019080173784004995,-0.524841046958533,-0.11546503033087725,-0.2551033150898791,-0.03316343096168428,-0.4249310310319683,-0.021246551551598415,0.04646045949762682,120
688271,联影医疗,unknown,-0.0551425030978934,0.1020508703594427,0.0629420084865629,0.0169731258840169,1.83,47.161431,0.1733762799966884,0.0777855965953331,0.3984411853064286,-0.4488691655392901,-0.08977383310785803,0.40576864943111823,0.028403805460178278,1.2059770474297478,0.04823908189718991,1.072738641603245,0.0429095456641298,-0.349043950049939,-0.05235659250749085,0.5921351735244537,0.05921351735244537,0.013606694121869963,0.002993472706811392,-0.04656766315640838,-0.00605379621033309,0.14945653406366635,0.007472826703183318,0.0410480279582561,121
002493,荣盛石化,unknown,0.0734908136482939,0.0159453178537885,0.6856516976998904,0.5695509309967142,6.26,19.693511,-0.1913436355738786,3.7846388798328894,0.5080921921565674,0.49857474186624545,0.0997149483732491,-0.012923036397847523,-0.0009046125478493267,-0.598984247222474,-0.023959369888898963,-0.46894245772315435,-0.018757698308926176,0.6943237685246503,0.10414856527869754,-0.6173522108652709,-0.0617352210865271,-1.0633565496668664,-0.23393844092671062,1.508809270611639,0.19614520517951306,-0.4095990207139637,-0.020479951035698187,0.04023342503684932,122
600989,宝丰能源,unknown,-0.09816474605207,-0.1960657804228242,0.0175246440306681,0.4611171960569551,7.28,37.404287,0.2289569548111314,0.5022975703560446,0.4213032721715964,-0.7657478949456321,-0.15314957898912643,-1.04383546386362,-0.0730684824704534,1.337621995899339,0.05350487983597356,-0.16641449127343233,-0.006656579650937293,0.9345574193025468,0.140183612895382,0.162501529052142,0.0162501529052142,0.1777280960104595,0.03910018112230109,0.1315554190496059,0.01710220447644877,0.0328942057920351,0.001644710289601755,0.03491110041440425,123
600018,上港集团,unknown,-0.0099206349206348,-0.0193587475431457,0.3023001095290252,0.0197152245345016,2.8021,39.423448,0.0804176665886098,0.0257150248226498,0.1696320768915064,-0.11578917841138406,-0.023157835682276813,-0.1845904634977177,-0.012921332444840242,0.5121832693228284,0.020487330772913138,1.0650882408400828,0.04260352963360331,-0.12009185993112229,-0.01801377898966834,0.2514106913240485,0.02514106913240485,-0.26088615795463616,-0.057394954750019954,-0.06841621233680897,-0.008894107603785166,1.3160395570349437,0.06580197785174718,0.033651897920077965,124
600515,海南机场,unknown,-0.0909090909090909,-0.0972291681331468,0.8499452354874042,0.0076670317634173,0.46,32.004289,0.5986621057056207,0.1202068724477649,0.2671201788890811,-0.7123066370092045,-0.1424613274018409,-0.563238491694241,-0.03942669441859688,-1.0751988971704611,-0.043007955886818446,1.098702459334496,0.043948098373379846,-0.6717107162908391,-0.10075660744362587,-0.07527510116702787,-0.0075275101167027875,1.2694119924871703,0.27927063834717747,-0.028767909856149305,-0.0037398282812994097,0.8189965611511054,0.040949828057555274,0.0272486412292283,125
002001,新和成,unknown,-0.0207939508506616,-0.0519570421027711,0.2146768893756845,0.6768893756845564,5.37,42.880977,0.1571950771391126,-0.0280239964448615,0.4480575435151173,-0.1958761822435759,-0.03917523644871518,-0.34310097190450733,-0.024017068033315516,0.7661644159617548,0.03064657663847019,-0.7684145861279296,-0.030736583445117184,0.48470813206158386,0.07270621980923758,0.40365511706366114,0.04036551170636612,-0.034173972559400585,-0.0075182739630681285,-0.09096483450664981,-0.011825428485864476,-0.10351242136338507,-0.005175621068169253,0.02527009670982414,126
000630,铜陵有色,unknown,-0.0217391304347827,-0.3049355053160046,0.8521358159912377,0.9123767798466592,3.59,7.576958,0.8359203757090372,0.1911712880053853,0.631951377789058,-0.20283786729556436,-0.040567573459112875,-1.573218846523736,-0.11012531925666152,-1.081548425836434,-0.04326193703345736,-1.425419765791467,-0.057016790631658675,0.06547685913545084,0.009821528870317627,-1.1508770644322492,-0.11508770644322493,1.9700001018007263,0.43340002239615977,0.0010084008426789577,0.0001310921095482645,-1.0410949615831084,-0.05205474807915542,0.025238568472754873,127
600570,恒生电子,unknown,-0.0850043591979077,-0.0326439434549433,0.1029572836801752,0.0295728368017524,1.4,67.957175,-0.1175213324338571,3.428712814370886,0.3614351809339932,-0.668815555335058,-0.1337631110670116,-0.2491902588769223,-0.017443318121384565,1.089990377926386,0.04359961511705544,1.0375856984355627,0.04150342793742251,-0.45031892047591493,-0.06754783807138724,1.5078284628961396,0.15078284628961397,-0.8453703535216484,-0.18598147777476265,1.3594644894599812,0.17673038362979757,0.33813161237653894,0.01690658061882695,0.024787108558170384,128
002648,卫星化学,unknown,0.052855924978687,0.1300528328589072,0.696604600219058,0.5388828039430449,6.14,24.337942,0.0282200588133738,0.3497262144757285,0.5099301532603336,0.3465892372975774,0.06931784745951548,0.5419293097398759,0.037935051681791315,-0.6307318905523398,-0.025229275622093594,-0.38337899246464696,-0.01533515969858588,0.6660609860801918,0.09990914791202878,-0.4128452550357595,-0.04128452550357595,-0.4150178699553035,-0.09130393139016676,0.06753724796011051,0.008779842234814367,-0.4189698636641798,-0.02094849318320899,0.021840503890518743,129
600015,华夏银行,unknown,-0.0058565153733528,-0.0561899357730387,0.5826944140197152,0.352683461117196,1.57,26.955568,0.3533032867978454,-0.0150108631246296,0.2176182852628491,-0.08585505713207556,-0.01717101142641511,-0.36368358632560077,-0.025457851042792055,-0.3005563999217357,-0.01202225599686943,0.13611347517628988,0.005444539007051595,-0.41027997867959887,-0.06154199680193983,-0.297584047632704,-0.029758404763270404,0.5449041764286183,0.11987891881429603,-0.08550458942658037,-0.01111559662545545,1.071381919012699,0.05356909595063495,0.021825437115240306,130
601077,渝农商行,unknown,-0.0138248847926266,0.1019007590669187,0.7305585980284776,0.7437020810514786,2.9875,60.649691,0.0839436873968322,0.0507192696104716,0.2504016274195781,-0.1445457855468921,-0.02890915710937842,0.40503872727975976,0.028352710909583186,-0.7291495848749239,-0.029165983394996955,-0.9548207068696773,-0.038192828274787094,-0.07642586105443405,-0.011463879158165107,1.1860600250373656,0.11860600250373657,-0.250474347013769,-0.05510435634302919,-0.05792455738916546,-0.00753019246059151,0.9042360800151267,0.045211804000756334,0.021804120673127824,131
600031,三一重工,unknown,0.0128686327077749,0.0999946289575941,0.2475355969331873,0.1785323110624315,2.77,27.480319,0.1402576162708115,0.0045930166870427,0.4105930041682734,0.052064324203139375,0.010412864840627875,0.39577009354292775,0.027703906548004944,0.6709214859721573,0.026836859438886293,0.621991724322813,0.024879668972912522,-0.12765215423501486,-0.019147823135252227,-0.27447783083704225,-0.027447783083704227,-0.08418775579285553,-0.018521306274428218,-0.0772789003740034,-0.010046257048620442,0.08750049708307832,0.004375024854153916,0.01904515511258044,132
601628,中国人寿,unknown,0.1815965874466789,0.0059451418532561,0.1018619934282584,0.3450164293537787,3.27,20.934495,-0.1532624776496002,-0.3227900840219428,0.3921191458967066,1.294823795622194,0.2589647591244388,-0.061549291342025865,-0.004308450393941811,1.0931651422593724,0.0437266056903749,0.15750434149091672,0.006300173659636669,-0.009890560716438186,-0.001483584107465728,-0.5627083029090262,-0.05627083029090262,-0.9509085981992234,-0.20919989160382915,-0.2146471975361398,-0.027904135679698176,0.18168944601821524,0.009084472300910763,0.0189091186995236,133
601825,沪农商行,unknown,-0.0745562130177514,0.2207197095921811,0.4988789237668161,0.3834080717488789,2.765,66.879158,0.0123136898737929,0.0072521793292688,0.2441930401010454,-0.5918601234728463,-0.11837202469456927,0.9828006166838584,0.0687960431678701,-0.0576121862386292,-0.002304487449545168,0.05039242185716867,0.0020156968742867467,-0.12882977017020059,-0.019324465525530087,1.4603604361340965,0.14603604361340966,-0.4619869932708549,-0.10163713851958808,-0.07616312914681206,-0.009901206789085569,0.9358905565899879,0.046794527829499395,0.012102988506747715,134
601877,正泰电器,unknown,-0.0730897009966777,-0.1369606535580441,0.1883899233296823,0.2924424972617743,2.82,20.676328,0.4632606268515886,0.0891828841538915,0.3462840506118093,-0.5810585837578687,-0.11621171675157374,-0.7564344253937183,-0.052950409777560284,0.8423587599534328,0.03369435039813731,0.3041845676483577,0.012167382705934308,-0.11587599488315722,-0.017381399232473584,-0.5740760995811345,-0.05740760995811345,0.8695917203961706,0.19131017848715753,-0.04178541880477316,-0.0054321044446205115,0.41537963600256156,0.02076898180012808,0.008557653227015658,135
601607,上海医药,unknown,0.0116851168511684,0.2648063478871405,0.148959474260679,0.0262869660460021,1.85,10.752998,0.0635819191460433,0.0635274755125838,0.187153327637865,0.04334718220584334,0.008669436441168668,1.1971736550432175,0.08380215585302524,0.9566502759409496,0.038266011037637986,1.0467532125704027,0.04187012850281611,-0.3443334863091959,-0.05165002294637939,-1.0110273665913811,-0.10110273665913812,-0.3105995966874498,-0.06833191127123896,-0.05255029881972523,-0.0068315388465642795,1.2267074766666268,0.06133537383333135,0.006026895944658613,136
300866,安克创新,unknown,-0.0459934040467064,0.073810845636514,0.5268346111719606,0.6144578313253012,4.35,43.640113,0.2693411967268901,-0.0487472906756859,0.5878278229051814,-0.38148181696146677,-0.07629636339229336,0.26845040205887977,0.018791528144121585,-0.13864341893942037,-0.0055457367575768145,-0.5942318175659683,-0.023769272702638733,0.24447448128368732,0.03667117219255309,0.43708194425101554,0.04370819442510156,0.2969767093018539,0.06533487604640785,-0.09966022420121061,-0.01295582914615738,-0.81613105871553,-0.04080655293577651,0.005132015873741298,137
688472,阿特斯,unknown,-0.1082969432314409,-0.1040351289425998,0.6999109528049866,0.1406945681211041,2.21,20.40881,-0.1695997997742989,9.990995906166596,0.4576827230534006,-0.8403762162006,-0.16807524324012002,-0.5963327477796267,-0.04174329234457388,-0.6403155513616225,-0.025612622054464903,0.7275582754837274,0.029102331019349097,-0.2595451389758207,-0.03893177084637311,-0.585855646270406,-0.0585855646270406,-0.9991502616760092,-0.21981305756872202,4.112965363095988,0.5346854972024785,-0.1525863901411049,-0.007629319507055245,0.0033969580334777356,138
600309,万华化学,unknown,-0.0198730333977366,0.1206739916458226,0.6451259583789705,0.104052573932092,3.38,14.728043,0.2550467321775282,0.2062388096154137,0.3681684681584145,-0.18909319901599708,-0.03781863980319942,0.4963243199992814,0.0347427023999497,-0.48151796690197085,-0.019260718676078835,0.8297887113791876,0.03319154845516751,0.016016989857648652,0.0024025484786472976,-0.8359953008258825,-0.08359953008258825,0.2547672980465881,0.05604880557024938,0.007330656883204276,0.0009529853948165559,0.30380195382747827,0.015190097691373914,0.001849799428337861,139
600919,江苏银行,unknown,0.0017574692442881,-0.0074002023400645,0.8926615553121577,0.9123767798466592,4.0925,54.643778,0.0841180610154317,0.082009893044,0.1830764317234651,-0.029774536785256826,-0.005954907357051366,-0.12644156014086189,-0.008850909209860333,-1.1990147061569376,-0.047960588246277504,-1.425419765791467,-0.057016790631658675,0.1838272606216205,0.027574089093243073,0.9216033058812648,0.09216033058812649,-0.24995944785443924,-0.05499107852797663,-0.04479516968131831,-0.005823372058571381,1.2474935266325018,0.06237467633162509,0.0015114499815987587,140
601018,宁波港,unknown,-0.0205882352941175,0.0080791167478717,0.013143483023001,0.0142387732749178,1.44,27.883906,0.1564853727807142,-0.0044267141391053,0.2055106225583032,-0.19436099196755416,-0.03887219839351083,-0.05117275324264343,-0.00358209272698504,1.3503210532312855,0.05401284212925142,1.0803674310648161,0.043214697242592644,-0.44089799299442883,-0.06613469894916432,-0.2567067952069802,-0.02567067952069802,-0.03626962315406591,-0.0079793170938945,-0.08106353391729115,-0.01053825940924785,1.133112825867037,0.056655641293351856,0.0011059345716953536,141
000895,双汇发展,unknown,-0.0541195476575121,0.0781735464831014,0.1270536692223439,0.0164293537787513,5.87,19.702609,0.0212052471035948,0.1358983117353787,0.2111017461303422,-0.4413346253124454,-0.08826692506248908,0.2896642090558814,0.0202764946339117,1.020145562600681,0.04080582250402724,1.0742557549749228,0.042970230198996914,0.6024697255801605,0.09037045883702408,-0.6169516011276871,-0.06169516011276871,-0.4357315575029447,-0.09586094265064783,-0.022183861106245727,-0.0028839019438119447,1.1046064876200157,0.055230324381000784,0.0009464007852431414,142
000596,古井贡酒,unknown,-0.0944230333257764,-0.0314933198214711,0.1391018619934282,0.0076670317634173,6.3,77.845659,-0.1859036639376574,-0.3103085280394801,0.294467050732133,-0.7381884491079447,-0.14763768982158895,-0.2435953055337974,-0.01705167138736582,0.9852231549378287,0.03940892619751315,1.098702459334496,0.043948098373379846,0.7037446960061364,0.10556170440092046,1.94324536554984,0.19432453655498402,-1.0472931288078815,-0.23040448833773394,-0.20940999962478862,-0.02722329995122252,0.6795685609089829,0.03397842804544914,-0.005095455925664606,143
002236,大华股份,unknown,-0.016548463356974,0.0253428284149193,0.3209200438116101,0.1456736035049288,1.83,43.765401,0.103293393480591,0.0680782213273987,0.2930996732224017,-0.1646062021046245,-0.032921240420924903,0.032772733792779764,0.0022940913654945837,0.4582122756620565,0.01832849102648226,0.7136668656712135,0.02854667462684854,-0.349043950049939,-0.05235659250749085,0.4425987163770235,0.044259871637702355,-0.19333756522404097,-0.04253426434928902,-0.05064082883778342,-0.006583307748911845,0.6865401338498318,0.03432700669249159,-0.00663926967759728,144
601456,国联民生,unknown,0.0309633027522935,-0.3233536061076989,0.013143483023001,0.013143483023001,0.94,33.868361,0.1880526429351274,0.3206508256689413,0.2821227504018064,0.18533994302294826,0.03706798860458965,-1.6627775967534137,-0.11639443177273898,1.3503210532312855,0.05401284212925142,1.083423269109763,0.04333693076439052,-0.5586595865130055,-0.08379893797695083,0.0068050697230185205,0.0006805069723018521,0.056943794078353996,0.01252763469723788,0.055337361524109833,0.0071938569981342786,0.7425059644746819,0.037125298223734095,-0.008248311360050116,145
600436,片仔癀,unknown,-0.0538315910774548,0.2145865900368706,0.0164293537787513,0.0109529025191675,5.0,42.182097,-0.1274056170827522,-0.256355353574522,0.29601067990726,-0.43921369183833664,-0.08784273836766733,0.9529780780521607,0.06670846546365125,1.3407967602323256,0.05363187040929303,1.0895349451996563,0.043581397807986255,0.3975645528578371,0.05963468292867556,0.37288152579055805,0.03728815257905581,-0.8745571645608873,-0.1924025762033952,-0.18677151985386398,-0.02428029758100232,0.6716983690187159,0.0335849184509358,-0.010096124512467157,146
002028,思源电气,unknown,-0.0185362555636938,0.0914931294423506,0.8795180722891566,0.9036144578313252,3.48,28.950384,0.4159559230751786,0.2316986834820982,0.6122059677918712,-0.17924721162753807,-0.035849442325507616,0.3544312128258253,0.02481018489780777,-1.1609175341610984,-0.04643670136644394,-1.4009730614318934,-0.056038922457275736,0.03956930856136401,0.005935396284204601,-0.2097468620657309,-0.02097468620657309,0.729908020519763,0.16057976451434786,0.018013491493345288,0.0023417538941348875,-0.9404230073768344,-0.04702115036884172,-0.012653803134146983,147
601916,浙商银行,unknown,-0.0372881355932204,0.1081523469919685,0.8225629791894852,0.0295728368017524,3.315,47.603257,0.0049693072201111,0.0072281055639602,0.1920003669779563,-0.31736348613385573,-0.06347269722677115,0.435437323087797,0.03048061261614579,-0.9958297888457964,-0.03983319155383186,1.0375856984355627,0.04150342793742251,0.0007079827002336981,0.0001061974050350547,0.6115899765490501,0.06115899765490501,-0.4836738544173351,-0.10640824797181372,-0.0761732303772652,-0.009902519949044477,1.2019948511728435,0.06009974255864218,-0.02626767852931066,148
601319,中国人保,unknown,0.1126331811263317,0.1900154271087026,0.1599123767798466,0.3811610076670317,2.8,8.533284,-0.051427622629942,-0.3140322204062573,0.3676854109234728,0.7868763928426414,0.1573752785685283,0.8334998175939017,0.05834498723157312,0.9249026326110839,0.036996105304443354,0.05666168600767604,0.0022664674403070416,-0.1205864586239003,-0.018087968793585044,-1.1087674240822012,-0.11087674240822012,-0.6502055350798005,-0.1430452177175561,-0.21097244215304398,-0.02742641747989572,0.3062648206832178,0.015313241034160891,-0.02914026682024427,149
601838,成都银行,unknown,-0.0183823529411764,-0.2166897897470647,0.6593647316538883,0.3778751369112815,3.5,59.70367,0.0654279898778744,0.0480849489919579,0.2256380486356598,-0.17811364758887177,-0.03562272951777436,-1.1441205323782382,-0.08008843726647669,-0.5227899032307963,-0.020911596129231852,0.06582920014251592,0.002633168005700637,0.04427977230210708,0.006641965845316062,1.144404141924711,0.11444041419247111,-0.30514842651894936,-0.06713265383416886,-0.05902990502855386,-0.007673887653712002,1.0304931630371186,0.05152465815185593,-0.03618909820602004,150
002179,中航光电,unknown,0.1590788777130756,0.0788214349254368,0.8608981380065718,0.3943044906900328,1.63,27.996145,0.0069385539399404,-0.3775422162944665,0.5005068759824214,1.128970442575841,0.2257940885151682,0.29281459246620445,0.020497021472634314,-1.106946540500327,-0.04427786162001308,0.019991629468315755,0.0007996651787326302,-0.3961485874573697,-0.05942228811860545,-0.2517646061174344,-0.025176460611743442,-0.4778589640187949,-0.10512897208413488,-0.2376209159717726,-0.03089071907633044,-0.37092529337011326,-0.018546264668505664,-0.03635179101279781,151
601336,新华保险,unknown,0.1442768411712511,0.0884899250781847,0.0613362541073384,0.7228915662650602,5.53,30.145032,-0.3373750074845817,0.1052363141788508,0.4542000529027317,1.0199465932847793,0.20398931865695588,0.339828011736802,0.02378796082157614,1.210631422579876,0.04842525690319504,-0.8967597840156905,-0.03587039136062762,0.5223918419875284,0.07835877629812926,-0.15714325448327043,-0.015714325448327043,-1.49456530266802,-0.3288043665869644,-0.035049480567996456,-0.00455643247383954,-0.13482999966991951,-0.006741499983495976,-0.03712570317339825,152
600845,宝信软件,unknown,-0.0590062111801242,0.3938606010039123,0.4852135815991237,0.0120481927710843,3.39,30.767956,0.0417232088979604,-0.1425233234887198,0.4363971408414615,-0.47732716363107613,-0.09546543272621523,1.8247051118248347,0.12772935782773845,-0.018002374285930035,-0.0007200949714372014,1.0864791071547093,0.04345916428618837,0.01837222172802024,0.002755833259203036,-0.12971421291646865,-0.012971421291646865,-0.3751450917065137,-0.08253192017543302,-0.13900817439854815,-0.01807106267181126,-0.04406186935376659,-0.0022030934676883296,-0.038018669931102055,153
000100,TCL科技,unknown,0.08125,0.2213244942283012,0.4096385542168674,0.7261774370208105,2.47,12.497483,0.08370838887481,0.5371204827758869,0.5612473120848168,0.5557247401816393,0.11114494803632786,0.9857414061160377,0.06900189842812264,0.2010563646901439,0.008042254587605756,-0.9059272981505304,-0.03623709192602122,-0.1983091103461608,-0.02974636655192412,-0.9342129372586498,-0.093421293725865,-0.2511691482810354,-0.05525721262182779,0.14616693739304082,0.019001701861095305,-0.6806103494231747,-0.03403051747115873,-0.041501679383645254,154
600085,同仁堂,unknown,-0.031849734585545,0.1133124170505055,0.0646221248630887,0.0109529025191675,3.4,41.657348,-0.1159336833335206,-0.1907060362664415,0.2368737922322839,-0.27730714590190014,-0.05546142918038003,0.46052836970366484,0.032236985879256545,1.201107129580916,0.04804428518323664,1.0895349451996563,0.043581397807986255,0.020727453598391725,0.0031091180397587585,0.34977539706034755,0.03497753970603475,-0.8406822636968254,-0.1849500980133016,-0.159225397561852,-0.02069930168304076,0.9732077349303367,0.04866038674651684,-0.05050111551393258,155
002353,杰瑞股份,unknown,0.1355853464295195,-0.163103219769664,0.9989047097480832,0.9989047097480832,2.52,33.616605,0.2248072842923634,0.263218672482078,0.6878461105622198,0.9559297122185065,0.19118594244370132,-0.8835536970378987,-0.06184875879265291,-1.5069668464566355,-0.06027867385826542,-1.6668309713422553,-0.06667323885369021,-0.1865329509943032,-0.027979942649145478,-0.004280433145215401,-0.0004280433145215401,0.1654747409515357,0.03640444300933785,0.031239119835552668,0.004061085578621847,-1.3260742037924815,-0.06630371018962408,-0.051860896626238634,156
600600,青岛啤酒,unknown,-0.0881072026800671,-0.2038190564634441,0.0109529025191675,0.0109529025191675,5.71,42.742989,-0.0153566820870714,0.0522861110305414,0.1936426643804601,-0.6916694335305918,-0.13833388670611838,-1.0815360780711802,-0.07570752546498262,1.3566705818972586,0.054266823275890344,1.0895349451996563,0.043581397807986255,0.5647860156542159,0.08471790234813238,0.3975791293224281,0.03975791293224282,-0.5436934542333561,-0.11961255993133835,-0.05726711863520419,-0.007444725422576544,1.1936215994185624,0.05968107997092812,-0.05909358118983599,157
000725,京东方A,unknown,0.2163009404388713,0.2399773580833417,0.9211391018619934,0.9649507119386638,1.26,15.595721,0.0079513420477401,0.0577575785685866,0.6907155052116338,1.550437416063792,0.3100874832127584,1.0764417011114418,0.07535091907780093,-1.2815585788145887,-0.051262343152583545,-1.572099991948908,-0.06288399967795633,-0.48329216666111635,-0.07249382499916746,-0.797789073535556,-0.0797789073535556,-0.47486835254055887,-0.10447103755892295,-0.054971318463932405,-0.007146271400311213,-1.3407038097002189,-0.06703519048501094,-0.05963317233694866,158
601229,上海银行,unknown,-0.0054945054945053,-0.0830294546698713,0.7020810514786419,0.5509309967141293,2.54,54.465444,0.0425042043740198,0.0066046721416082,0.1872096063669889,-0.08318868684162088,-0.016637737368324176,-0.4941918182194186,-0.03459342727535931,-0.6466057122172729,-0.025864228488690917,-0.4169932109590606,-0.016679728438362424,-0.18182248725356012,-0.027273373088034018,0.9137507737926409,0.09137507737926409,-0.37283892912703015,-0.08202456440794663,-0.07643481989559096,-0.009936526586426825,1.2264205396193861,0.061321026980969306,-0.06031348129291089,159
601766,中国中车,unknown,-0.0388692579505299,-0.027362412232995,0.0076670317634173,0.0076670317634173,1.94,23.813953,0.1057462398021091,0.1065552748486984,0.1962348510645122,-0.32900918401515494,-0.06580183680303099,-0.22350860250603216,-0.01564560217542225,1.366194874896218,0.05464779499584872,1.098702459334496,0.043948098373379846,-0.32313639947585215,-0.04847045992137782,-0.4359179188945077,-0.043591791889450775,-0.18609467768716256,-0.040940829091175766,-0.034496051326082564,-0.004484486672390734,1.1804053380601918,0.05902026690300959,-0.06131884628061019,160
600690,海尔智家,unknown,0.0132939438700148,-0.0533182137186898,0.0339539978094194,0.0197152245345016,3.86,25.343786,-0.0686498837949365,-0.1521889486846354,0.2489490856669181,0.0551969377406637,0.01103938754813274,-0.34971972321597605,-0.024480380625118325,1.2900005309045406,0.051600021236181626,1.0650882408400828,0.04260352963360331,0.12906811963548226,0.019360217945322337,-0.36855520217904164,-0.03685552021790416,-0.7010602909014375,-0.15423326399831624,-0.14306382196036477,-0.01859829685484742,0.9116418627680462,0.04558209313840231,-0.06398221219454382,161
600406,国电南瑞,unknown,0.0078328981723236,-0.0763007713816754,0.0230010952902519,0.0120481927710843,1.36,25.095322,0.0752246562731675,0.0604241685095363,0.2925109848315535,0.014973808887118842,0.0029947617774237685,-0.4614733271655585,-0.0323031329015891,1.321748174234406,0.05286992696937624,1.0864791071547093,0.04345916428618837,-0.459739847957401,-0.06896097719361015,-0.3794957493145732,-0.03794957493145732,-0.2762203390497319,-0.06076847459094102,-0.05385243077967299,-0.00700081600135749,0.6895415610541126,0.03447707805270563,-0.07318204453326105,162
600346,恒力石化,unknown,0.104952830188679,-0.0184694506511394,0.6046002190580504,0.4315443592552026,5.69,13.976353,-0.1373589845646065,0.9065413570081866,0.5402444022874968,0.7303070538355982,0.14606141076711965,-0.1802662218654243,-0.012618635530579701,-0.36405168658146736,-0.014562067463258695,-0.0839068640598717,-0.0033562745623948683,0.560075551913473,0.08401133278702096,-0.8690942603383578,-0.08690942603383578,-0.9039479668512137,-0.19886855270726703,0.3011740722131979,0.03915262938771573,-0.5735270336745752,-0.028676351683728764,-0.0757659350392085,163
600886,国投电力,unknown,-0.0181950509461426,-0.2030727639105431,0.0536692223439211,0.0690032858707557,3.06,45.045652,-0.0463316753790087,0.0191410753346004,0.2153767460060717,-0.17673408171489352,-0.035346816342978704,-1.0779072007455839,-0.07545350405219088,1.2328547729107817,0.04931419091643127,0.9275755288174817,0.03710302115269927,-0.05935042999424038,-0.008902564499136057,0.4989716573697281,0.04989716573697281,-0.6351579666656771,-0.13973475266644897,-0.07117460837144723,-0.00925269908828814,1.0828104047945597,0.054140520239727985,-0.07823543860321142,164
001965,招商公路,unknown,-0.0021052631578947,-0.1496007483559402,0.8751369112814896,0.2661555312157722,1.9,25.86803,0.2689608565721122,0.0149611903132338,0.2349899176680623,-0.058225348541959175,-0.011645069708391836,-0.8178973908583617,-0.05725281736008532,-1.1482184768291523,-0.045928739073166094,0.377524680727078,0.01510098722908312,-0.3325573269573383,-0.04988359904360074,-0.3454713099752633,-0.034547130997526335,0.2958536218329617,0.06508779680325158,-0.07292846703573136,-0.009480700714645077,0.982812667615285,0.04914063338076425,-0.07940863948431645,165
300124,汇川技术,unknown,-0.0899041022908897,0.3573439620081238,0.484118291347207,0.044906900328587,2.83,29.077055,0.1297976281041855,-0.2338736289107257,0.483711678066148,-0.704904430742492,-0.1409808861484984,1.647141497202532,0.11529990480417725,-0.01482760995294368,-0.0005931043981177472,0.9948039658063089,0.039792158632252356,-0.11352076301278564,-0.017028114451917847,-0.2041691926802065,-0.020416919268020653,-0.11507453302929567,-0.025316397266445047,-0.17733830162223965,-0.023053979210891154,-0.28529499266968317,-0.01426474963348416,-0.08656208694094542,166
300999,金龙鱼,unknown,-0.0350058343057176,0.118080343755631,0.0109529025191675,0.0109529025191675,1.52,6.771983,0.1092160360060714,0.5097914945084281,0.254675988064873,-0.30055328093658956,-0.06011065618731792,0.48371260361177265,0.03385988225282409,1.3566705818972586,0.054266823275890344,1.0895349451996563,0.043581397807986255,-0.42205613803145653,-0.06330842070471848,-1.186322307728761,-0.1186322307728761,-0.17584888957532016,-0.03868675570657044,0.13469983181143075,0.017510978135485997,0.8824432563054374,0.04412216281527187,-0.08739681908402439,167
601166,兴业银行,unknown,-0.0546961325966851,-0.0955084508989114,0.4337349397590361,0.0186199342825848,2.89,49.70775,-0.0106495698866799,0.0015128593040847,0.1862245990924545,-0.4455814402243173,-0.08911628804486346,-0.5548714354629989,-0.038841000482409925,0.1312115493644391,0.005248461974577564,1.0681440788850294,0.04272576315540118,-0.09938937179055643,-0.014908405768583464,0.7042565393625607,0.07042565393625608,-0.5297940574420386,-0.11655469263724848,-0.07857131887016894,-0.010214271453121962,1.23144259827752,0.061572129913876,-0.08966264940611646,168
002050,三花智控,unknown,-0.0286255525152598,0.4792682165806223,0.732749178532311,0.3997809419496166,2.88,27.796688,0.0135739756943542,0.0267934507988585,0.5038796972042483,-0.25355955285114085,-0.05071191057022817,2.2400030514797344,0.15680021360358143,-0.7354991135408969,-0.02941996454163588,0.004712439243582314,0.00018849756974329256,-0.10174460366092801,-0.0152616905491392,-0.2605472414690817,-0.02605472414690817,-0.458265558143603,-0.10081842279159266,-0.06796371023866651,-0.008835282331026647,-0.38812161918143273,-0.019406080959071637,-0.09351936471627764,169
002352,顺丰控股,unknown,-0.0553643144004589,0.0822952065077029,0.013143483023001,0.013143483023001,2.52,13.737617,0.0614488428076169,0.1304858076525927,0.1896834387298783,-0.4505029084336294,-0.09010058168672588,0.3097059454352042,0.021679416180464296,1.3503210532312855,0.05401284212925142,1.083423269109763,0.04333693076439052,-0.1865329509943032,-0.027979942649145478,-0.8796064571191721,-0.08796064571191721,-0.31689825139372463,-0.06971761530661942,-0.024454920509205967,-0.003179139666196776,1.2138077076555889,0.060690385382779446,-0.09921835056371907,170
601998,中信银行,unknown,-0.0055710306406685,-0.0652497302670197,0.6998904709748083,0.5772179627601315,2.7775,43.104173,0.0523386801717664,0.0301911938079859,0.2293352162994718,-0.08375232995780285,-0.016750465991560572,-0.4077371986602966,-0.028541603906220767,-0.6402561835512995,-0.025610247342051983,-0.4903333240377812,-0.019613332961511246,-0.12588573033223624,-0.018882859549835436,0.41348304528852314,0.04134830452885232,-0.34379919615951754,-0.07563582315509386,-0.06653803441621996,-0.008649944474108594,1.0116431571979274,0.05058215785989637,-0.1017538149916338,171
600025,华能水电,unknown,-0.0294426919032596,-0.1858394567333047,0.5038335158817087,0.3461117196056955,2.1,51.988639,0.0702046920584522,0.0232286844637938,0.2310936291296116,-0.25957816260361344,-0.05191563252072269,-0.9941095567554061,-0.06958766897287844,-0.07197336794670209,-0.0028789347178680836,0.15444850344596994,0.0061779401378387975,-0.28545268954990755,-0.04281790343248613,0.8046902988424666,0.08046902988424666,-0.29104354094679735,-0.06402957900829542,-0.06945946820591735,-0.009029730866769255,1.0026778910456025,0.05013389455228012,-0.10347858494465442,172
601818,光大银行,unknown,-0.0223642172523961,-0.0090599649723294,0.6538882803943045,0.0580503833515881,1.995,45.89293,-0.0385359366499425,-0.0806322207958921,0.1531207077800736,-0.2074419209880918,-0.04148838419761836,-0.13451222218711356,-0.00941585555309795,-0.5069160815658633,-0.020276643262634533,0.9581339092669486,0.038325356370677945,-0.31018262418880865,-0.0465273936283213,0.5362796170576463,0.05362796170576463,-0.6121383186811398,-0.13467043010985075,-0.11303897999606104,-0.014695067399487935,1.400222756842184,0.0700111378421092,-0.10510931823245907,173
002532,天山铝业,unknown,-0.1593048515568429,0.0876485990304438,0.1456736035049288,0.6506024096385542,7.27,35.605213,0.065539033029897,1.0969647607983828,0.5472970894324205,-1.216073066712189,-0.24321461334243782,0.33573703024943125,0.02350159211746019,0.9661745689399092,0.038646982757596364,-0.695074473049209,-0.027802978921968362,0.9322021874321751,0.13983032811482626,0.08328339726118161,0.008328339726118161,-0.3048205327349872,-0.06706051720169719,0.38107477161346853,0.04953972030975091,-0.609485152416404,-0.030474257620820202,-0.10870540406117168,174
603392,万泰生物,unknown,-0.1437927954748437,-0.087154594835929,0.357064622124863,0.0109529025191675,-0.36,69.857803,0.3063205737945791,-0.1855567014268578,0.4662374624283751,-1.1018195949213458,-0.22036391898426919,-0.5142504769254767,-0.03599753338478337,0.35344505267349974,0.01413780210693999,1.0895349451996563,0.043581397807986255,-0.8648397296613047,-0.1297259594491957,1.5915182941035215,0.15915182941035216,0.4061712670429697,0.08935767874945333,-0.15706476264545155,-0.0204184191439087,-0.1962027207580304,-0.009810136037901521,-0.11008725892532673,175
002304,洋河股份,unknown,-0.0604171661472069,0.0376968686962193,0.9660460021905805,0.0065717415115005,5.09,75.416194,-0.2602939129059201,-0.327334580372817,0.2235168125469698,-0.4877194999324388,-0.09754389998648777,0.09284474775305007,0.0064991323427135055,-1.411723916467038,-0.05646895665868153,1.101758297379443,0.04407033189517772,0.41876163969118085,0.06281424595367713,1.8362693998299613,0.18362693998299615,-1.2669563838560167,-0.2787304044483237,-0.2165540452745454,-0.0281520258856909,1.0413082832302025,0.05206541416151013,-0.11181922264310927,176
603260,合盛硅业,unknown,0.1633636850562398,-0.0500763821813985,0.1182913472070098,0.1303395399780942,0.26,19.084514,-0.0424916727740595,-0.7021392510986619,0.5756722366287844,1.160530031602824,0.2321060063205648,-0.33395618797319515,-0.023376933158123663,1.0455436772645739,0.04182174709058296,0.7564485983004673,0.030257943932018694,-0.7188153536982697,-0.10782230305474044,-0.6441680086625265,-0.06441680086625266,-0.6238190145409661,-0.13724018319901254,-0.37382019393806876,-0.04859662521194894,-0.7541558135754087,-0.03770779067877044,-0.11497493882568224,177
601816,京沪高铁,unknown,-0.0606060606060605,-0.2028840311785306,0.0109529025191675,0.0109529025191675,1.51,45.818868,0.0328633163564926,0.0602954913111346,0.1888812027881591,-0.48911079503941823,-0.09782215900788366,-1.0769894803031972,-0.0753892636212238,1.3566705818972586,0.054266823275890344,1.0895349451996563,0.043581397807986255,-0.42441136990182804,-0.06366170548527421,0.5330184653336472,0.05330184653336472,-0.4013070263959086,-0.0882875458070999,-0.05390642308284856,-0.007007835000770313,1.2178979068461293,0.060894895342306465,-0.12012354596270411,178
600372,中航机载,unknown,-0.0044964028776977,0.1526041151940105,0.592552026286966,0.0306681270536692,0.47,25.96353,-0.017531858661945,0.7847994254610737,0.2787927061527329,-0.07583719916191049,-0.015167439832382099,0.6515858201939415,0.04561100741357591,-0.3291292789186149,-0.013165171156744595,1.0345298603906157,0.04138119441562463,-0.6693554844204674,-0.10040332266307012,-0.3412661846796743,-0.03412661846796743,-0.5501164246275679,-0.12102561341806495,0.2500917720161515,0.0325119303620997,0.759484191930853,0.03797420959654266,-0.12640982375038629,179
600584,长电科技,unknown,0.2583035596136034,0.0075451378000654,0.9956188389923328,0.9956188389923328,1.01,14.548409,-0.0175794708801526,0.4273587991259795,0.8018324020807527,1.8598061444679315,0.3719612288935863,-0.05376924718929705,-0.0037638473032507937,-1.4974425534576756,-0.05989770213830703,-1.657663457207415,-0.0663065382882966,-0.5421729634204047,-0.0813259445130607,-0.8439050754577971,-0.08439050754577972,-0.5502570163714672,-0.12105654360172279,0.10011148876425016,0.013014493539352521,-1.9072332033539834,-0.09536166016769917,-0.12712702112517796,180
600674,川投能源,unknown,-0.0429042904290429,-0.2659423603510534,0.0733844468784227,0.0219058050383351,3.18,54.048179,-0.095617347614103,-0.0176101075461021,0.2369909485562034,-0.3587290655719205,-0.0717458131143841,-1.3836131227804662,-0.09685291859463264,1.1757090149170235,0.04702836059668094,1.0589765647501892,0.042359062590007567,-0.031087647549781952,-0.004663147132467293,0.8953774585417089,0.0895377458541709,-0.7806911694785237,-0.1717520572852752,-0.08659521927067623,-0.01125737850518791,0.9726104135235754,0.04863052067617877,-0.12871562491490895,181
600016,民生银行,unknown,-0.0484330484330484,-0.0209977914511823,0.4808324205914567,0.0065717415115005,2.02,34.403257,0.0274087958058295,-0.0963741955736933,0.1655034566042333,-0.39945092689771006,-0.07989018537954201,-0.19256037992045336,-0.013479226594431737,-0.005303316953983812,-0.00021213267815935248,1.101758297379443,0.04407033189517772,-0.30429454451287985,-0.045644181676931975,0.03035799851997622,0.0030357998519976222,-0.41741340801854276,-0.0918309497640794,-0.11964423318265748,-0.015553750313745472,1.3370893236670203,0.06685446618335102,-0.13264982847636358,182
000708,中信特钢,unknown,-0.0051584377302874,-0.0692392812340888,0.1095290251916757,0.1358159912376779,3.41,14.432855,-0.0128745853732291,0.0922792890146715,0.2601553300372264,-0.08071339223103481,-0.016142678446206964,-0.42713654947443896,-0.02989955846321073,1.0709417919284665,0.04283767167713866,0.741169408075734,0.02964677632302936,0.02308268546876331,0.0034624028203144967,-0.8489932330327344,-0.08489932330327345,-0.5363641946722074,-0.11800012282788563,-0.04048618294889431,-0.005263203783356261,0.854506836438751,0.04272534182193755,-0.13553269418151298,183
600426,华鲁恒升,unknown,-0.0562613430127042,0.109107108261945,0.6100766703176341,0.1829134720700986,3.32,22.280229,0.0736001369013465,0.5796482544747903,0.4026185978820263,-0.4571099392942049,-0.09142198785884098,0.4400798878708801,0.03080559215096161,-0.3799255082464001,-0.015197020329856004,0.6097683721430261,0.024390734885721046,0.0018855986354194396,0.0002828397953129159,-0.5034519669453157,-0.05034519669453157,-0.2810173012598624,-0.06182380627716973,0.1640113758131273,0.02132147885570655,0.12815799999568775,0.006407899999784388,-0.13557946547291178,184
600009,上海机场,unknown,-0.0051347881899872,0.024571386588015,0.5410733844468785,0.0109529025191675,1.35,24.934587,0.0081458376553871,0.1133227487228611,0.2172504475185597,-0.08053920242207126,-0.016107840484414254,0.02902156711854781,0.0020315096982983466,-0.1799153552682459,-0.007196614210729836,1.0895349451996563,0.043581397807986255,-0.4620950798277726,-0.06931426197416589,-0.3865733494652174,-0.03865733494652174,-0.4742940361636029,-0.10434468795599264,-0.031656453435508054,-0.004115338946616047,1.0732573394042593,0.05366286697021297,-0.14046030404194285,185
688126,沪硅产业,unknown,0.2148122148122149,-0.1140036791205764,0.2289156626506024,0.8948521358159912,-2.87,-11.846601,0.3521677446834064,1.3166627750841,0.987902371657241,1.5394722628635742,0.30789445257271486,-0.6448052208993317,-0.04513636546295322,0.7248924796329294,0.028995699185317175,-1.37652635707232,-0.055061054282892805,-1.4560029291245595,-0.21840043936868392,-2.0061493082151602,-0.20061493082151605,0.5415510907680456,0.11914123996897004,0.4732589498651084,0.061523663482464096,-2.8559107673567503,-0.1427955383678375,-0.14445327309441736,186
601117,中国化学,unknown,0.0281501340482572,-0.1409993582047596,0.0383351588170865,0.0503833515881708,2.3,9.35732,0.0325163184295824,0.0845788841270613,0.3710269332290409,0.164619653625434,0.0329239307250868,-0.7760727879370345,-0.05432509515559242,1.277301473572594,0.051092058942903765,0.9795247755815755,0.03918099102326302,-0.23834805214247698,-0.03575220782137155,-1.0724828730028704,-0.10724828730028704,-0.40233165926348474,-0.08851296503796664,-0.043717233985368815,-0.005683240418097946,0.2892280723668585,0.014461403618342925,-0.1538634114237191,187
601658,邮储银行,unknown,0.0040322580645162,-0.2704726295042658,0.7447973713033954,0.1073384446878422,2.4275,28.76188,0.0760829426048812,0.0190129129367029,0.1649310640429552,-0.01301966438612605,-0.00260393287722521,-1.4056417373566623,-0.09839492161496637,-0.7704215212037494,-0.030816860848149975,0.8206211972443478,0.03282484788977391,-0.20831884579523982,-0.031247826869285972,-0.21804720697379085,-0.021804720697379085,-0.27368594815842046,-0.0602109085948525,-0.07122838466692881,-0.009259690006700745,1.3400076665996414,0.06700038332998208,-0.15451363028880388,188
002625,光启技术,unknown,-0.1751668891855808,-0.0379796706714866,0.4074479737130339,0.6582694414019715,1.81,49.853559,0.4027931668284636,0.1702713179375741,0.5013634223573603,-1.332904314560974,-0.2665808629121948,-0.27513544543468016,-0.019259481180427612,0.2074058933561171,0.008296235734244683,-0.7164653393638359,-0.02865861357455344,-0.35375441379068207,-0.05306316206860231,0.7106769070507759,0.0710676907050776,0.6910403742534876,0.15202888233576728,-0.007761121141618278,-0.0010089457484103762,-0.37529239425308747,-0.018764619712654376,-0.15594287642175325,189
600000,浦发银行,unknown,-0.0449678800856531,-0.103378346853227,0.5717415115005476,0.4227820372398685,2.32,46.784617,0.0141762118374635,0.0149448801000113,0.1978762574179024,-0.37392835839119987,-0.07478567167823998,-0.5931391186556082,-0.041519738305892576,-0.2688087565918699,-0.010752350263674796,-0.059460159700298075,-0.002378406388011923,-0.2336375884017339,-0.03504563826026008,0.5755430260571015,0.05755430260571015,-0.45648724508056343,-0.10042719391772395,-0.07293531071890215,-0.00948159039345728,1.172036629318974,0.058601831465948696,-0.15823445513560175,190
601398,工商银行,unknown,-0.0299727520435967,-0.0981296332405061,0.8225629791894852,0.687842278203724,2.2075,44.266614,0.0826980740128022,0.0330933029136366,0.1907520378743674,-0.26348230084107976,-0.052696460168215956,-0.5676170392194504,-0.03973319274536153,-0.9958297888457964,-0.03983319155383186,-0.7989729665773965,-0.03195891866309586,-0.26013394694341363,-0.03902009204151204,0.46466849087731793,0.0464668490877318,-0.2541524566351562,-0.05591354045973436,-0.06532032407882432,-0.008491642130247163,1.2083594559275064,0.06041797279637532,-0.16076221587789166,191
601689,拓普集团,unknown,-0.1092647058823529,0.4201126417214456,0.3932092004381161,0.2398685651697699,2.27,19.256242,0.1492117238437571,-0.024171122199725,0.5507864878142227,-0.8475042359906082,-0.16950084719812164,1.952356707623525,0.13666496953364676,0.24867782968494245,0.009947113187397699,0.45086479380579875,0.01803459175223195,-0.2454137477535915,-0.03681206216303873,-0.6366063567592706,-0.06366063567592706,-0.05774761823714539,-0.012704476012171985,-0.08934818791405516,-0.011615264428827172,-0.6272758467676626,-0.03136379233838313,-0.1610104033431933,192
300476,胜宏科技,unknown,-0.1361168486279138,-0.0263527003710398,0.8116100766703176,0.8806133625410734,7.62,34.458493,0.2799278264953664,0.3994799885324656,0.7648663509768987,-1.045282694080623,-0.20905653881612463,-0.21859883827618456,-0.015301918679332921,-0.9640821455159306,-0.03856328582063723,-1.3368004624880132,-0.05347201849952053,1.014635302895179,0.15219529543427682,0.03279019015167396,0.003279019015167396,0.3282374402065874,0.07221223684544922,0.08841368050889684,0.011493778466156589,-1.7187618267432072,-0.08593809133716036,-0.16315152339172562,193
601328,交通银行,unknown,-0.0278184480234261,-0.1145540593606775,0.778751369112815,0.5213581599123768,2.2675,42.957281,0.0488745593153945,0.0311366861106732,0.1832301176981031,-0.24761485475293105,-0.04952297095058621,-0.647481466784401,-0.045323702674908074,-0.8688392155263335,-0.03475356862105334,-0.3344855837455,-0.01337942334982,-0.2460025557211844,-0.036900383358177656,0.4070149901584741,0.04070149901584741,-0.3540282258205882,-0.0778862096805294,-0.06614131061673614,-0.0085983703801757,1.246709958836082,0.0623354979418041,-0.16332763205759887,194
601138,工业富联,unknown,-0.1413718606535241,-0.2171205448246461,0.8422782037239869,0.882803943044907,6.18,7.350507,0.5651778086583659,1.0254851336561024,0.6600014178461622,-1.0839882895899986,-0.21679765791799974,-1.1462150961359017,-0.08023505672951313,-1.052975546839555,-0.0421190218735822,-1.3429121385779068,-0.053716485543116275,0.675481913561678,0.1013222870342517,-1.160848319178966,-0.1160848319178966,1.1705378821782146,0.2575183340792072,0.351082280733349,0.04564069649533537,-1.1841080642999056,-0.05920540321499528,-0.16367713958830893,195
000988,华工科技,unknown,-0.0461322798521728,0.0610436935133229,0.976998904709748,0.976998904709748,5.61,19.811644,0.2713133155037202,0.5575870145748911,0.7718414836201597,-0.38250470153836685,-0.07650094030767338,0.20636961527869252,0.014445873069508479,-1.443471559796904,-0.05773886239187616,-1.6057142104433215,-0.06422856841773286,0.5412336969505007,0.0811850545425751,-0.61215049289099,-0.061215049289099,0.30280008045423246,0.06661601769993114,0.15475459086677057,0.020118096812680175,-1.7543245339316174,-0.08771622669658087,-0.16503460497826739,196
601888,中国中免,unknown,-0.073076923076923,-0.229067468512024,0.1982475355969332,0.0021905805038335,4.16,33.631758,0.0095528124488866,0.2118028833994605,0.3293804941151524,-0.5809644684654456,-0.11619289369308912,-1.2043074894087953,-0.08430152425861567,0.8137858809565534,0.032551435238262136,1.1139816495592296,0.04455926598236919,0.19972507574662832,0.029958761361994247,-0.003613205254073478,-0.0003613205254073478,-0.47013945048608174,-0.10343067910693798,0.009665314168029777,0.0012564908418438712,0.5015624028226507,0.02507812014113254,-0.17088234401844815,197
601601,中国太保,unknown,-0.0322061191626409,0.0160596630000353,0.0098576122672508,0.0887185104052574,3.2,11.059245,-0.0124843945068664,0.0430040511062637,0.3774939406953378,-0.279932083241649,-0.0559864166483298,-0.012367028560312434,-0.0008656919992218704,1.3598453462302451,0.054393813849209806,0.8725704440084412,0.03490281776033765,-0.02637718380903888,-0.003956577571355832,-0.9975424764720272,-0.09975424764720273,-0.5352120195285021,-0.11774664429627045,-0.06116182414441846,-0.0079510371387744,0.2562560409128936,0.01281280204564468,-0.18415118164596295,198
301269,华大九天,unknown,0.1871771498024914,0.2905518080969149,0.0048678720445062,0.6161335187760779,-1.39,78.802401,0.0964904160156709,-8.515375791081276,0.8070203763899967,1.3359272199733192,0.2671854439946639,1.3223619829035507,0.09256533880324856,1.3743084068320497,0.05497233627328199,-0.5989069522661651,-0.023956278090646602,-1.1074286123095727,-0.1661142918464359,1.9853733235137412,0.19853733235137414,-0.2134257379978813,-0.04695366235953389,-3.652214822427017,-0.47478792691551225,-1.9336840854657222,-0.09668420427328611,-0.19523591206284618,199
002600,领益智造,unknown,0.0762599469496021,0.2830782158879039,0.9956188389923328,0.9802847754654984,1.62,16.543396,0.0999356512857223,-0.307049395634241,0.6619615078571148,0.5189706901437432,0.10379413802874865,1.2860213424903373,0.09002149397432362,-1.4974425534576756,-0.05989770213830703,-1.614881724578162,-0.06459526898312648,-0.39850381932774115,-0.05977557289916117,-0.7560603602947449,-0.0756060360294745,-0.20325247464250523,-0.04471554442135115,-0.20804248411233828,-0.027045522934603976,-1.1941015813679692,-0.05970507906839846,-0.19752509447135047,200
601288,农业银行,unknown,-0.0613207547169811,-0.0431620242480952,0.7929901423877328,0.7864184008762322,2.6475,38.211922,0.1048940934463289,0.0452377973335558,0.2292500376925634,-0.4943748479160646,-0.09887496958321293,-0.3003348465465834,-0.021023439258260838,-0.910111151855159,-0.03640444607420636,-1.073998390622598,-0.042959935624903925,-0.15650374464706615,-0.023475561697059923,0.19806389939877184,0.019806389939877184,-0.18861093814984692,-0.041494406392966324,-0.06022455549838587,-0.007829192214790164,1.0120774402447346,0.050603872012236734,-0.20165168889328652,201
600522,中天科技,unknown,0.0425439548513133,-0.1530190477852673,0.8970427163198248,0.9846659364731654,2.43,15.58141,0.347112176696875,0.4642035059450273,0.8357207633157195,0.27063680508434457,0.054127361016868915,-0.8345190082696101,-0.058416330578872716,-1.211713763488884,-0.04846855053955536,-1.6271050767579482,-0.06508420307031793,-0.20773003782764696,-0.03115950567414704,-0.7984192258717357,-0.07984192258717358,0.5266227562693613,0.11585700637925948,0.11557134183610981,0.015024274438694276,-2.0800129810774304,-0.10400064905387152,-0.2019625196691155,202
002475,立讯精密,unknown,-0.085647811545732,-0.0359488220073077,0.6527929901423878,0.5695509309967142,4.2,11.92052,0.3576894062010702,0.2024161935597475,0.699804313249766,-0.6735548796568807,-0.13471097593137613,-0.2652603627469205,-0.01856822539228444,-0.503741317232877,-0.020149652689315078,-0.46894245772315435,-0.018757698308926176,0.20914600322811447,0.03137190048421717,-0.9596181907237703,-0.09596181907237704,0.5578557296026533,0.12272826051258372,0.005726706474235913,0.0007444718416506688,-1.3870430888914242,-0.06935215444457121,-0.2026558930003985,203
600118,中国卫星,unknown,-0.0211889346674514,0.2411643798070553,0.9791894852135816,0.9309967141292442,-0.67,14.023134,0.3789321901573572,0.7706799741897603,0.6733871683179833,-0.19878542084681955,-0.03975708416936391,1.082213641621139,0.07575495491347974,-1.4498210884628773,-0.05799284353851509,-1.477369012555561,-0.05909476050222244,-0.9378519176428223,-0.14067778764642333,-0.8670343654016777,-0.08670343654016777,0.6205824866015858,0.13652814705234886,0.24416732150601908,0.03174175179578248,-1.2523553004275818,-0.0626177650213791,-0.20281882365646053,204
688009,中国通号,unknown,-0.0159362549800795,-0.0973765378160946,0.248630887185104,0.0657174151150054,1.04,27.424558,-0.0353564138519314,-0.0716279727281232,0.2000329832423036,-0.16009700408794106,-0.032019400817588216,-0.563955082659608,-0.03947685578617256,0.6677467216391709,0.026709868865566838,0.9367430429523219,0.037469721718092874,-0.5351072678092901,-0.08026609017139351,-0.27693313964968463,-0.027693313964968463,-0.602749664428768,-0.13260492617432895,-0.10926084294006692,-0.0142039095822087,1.1610405647419133,0.05805202823709567,-0.204032877675905,205
601939,建设银行,unknown,-0.0538160469667319,-0.1417759604346584,0.9233296823658268,0.8882803943044907,2.4625,47.021149,0.1114641974009575,0.0352725222252883,0.1934260318898745,-0.4390992022692812,-0.08781984045385624,-0.7798490472767968,-0.05458943330937578,-1.2879081074805614,-0.051516324299222455,-1.3581913288026402,-0.05432765315210561,-0.20007553424893953,-0.03001133013734093,0.5859581747106754,0.05859581747106754,-0.16921040594711068,-0.03722628930836435,-0.06440593465146491,-0.008372771504690438,1.1947260999670408,0.059736304998352044,-0.20553151969553624,206
300394,天孚通信,unknown,-0.2727161137877067,-0.0881191956316027,0.9288061336254108,0.9288061336254108,8.57,56.603933,0.4082427830731052,0.4578790203136782,0.8468788237977743,-2.051399498073824,-0.4102798996147648,-0.5189408867949918,-0.03632586207564943,-1.3037819291454946,-0.052151277165819784,-1.4712573364656674,-0.0588502934586267,1.2383823305804744,0.18575734958707116,1.00791427314593,0.10079142731459301,0.7071322741955336,0.15556910032301738,0.11291761957700917,0.014679290545011194,-2.136902341898011,-0.10684511709490055,-0.20765528164006855,207
600741,华域汽车,unknown,-0.0401653868871825,-0.0207815498065657,0.0690032858707557,0.0142387732749178,1.84,12.134448,-0.009722199730014,-0.0262725948251435,0.217175242572928,-0.33855577346263505,-0.06771115469252702,-0.19150889629255366,-0.013405622740478757,1.1884080722489698,0.04753632288995879,1.0803674310648161,0.043214697242592644,-0.3466887181795674,-0.052003307726935115,-0.9501983577998458,-0.09501983577998459,-0.5270556723704328,-0.11595224792149522,-0.09022995522416194,-0.011729894179141052,1.0736407717484748,0.05368203858742374,-0.21138900432058658,208
600039,四川路桥,unknown,0.0190476190476189,0.0278272893231847,0.7108433734939759,0.1708652792990142,2.8,14.239784,-0.0410246461912863,-0.1571543011734503,0.3258531499151614,0.09757541813830177,0.019515083627660357,0.04485352412264259,0.0031397466885849817,-0.6720038268811653,-0.026880153075246615,0.6433825906374399,0.025735303625497596,-0.1205864586239003,-0.018087968793585044,-0.8574946753986473,-0.08574946753986473,-0.6194871049307216,-0.13628716308475874,-0.14514725881071272,-0.018869143645392654,0.5195465638920768,0.02597732819460384,-0.21150643400250102,209
688981,中芯国际,unknown,0.1302197802197802,0.0245056127834641,0.982475355969332,0.9956188389923328,0.9,21.475859,0.0807389814849748,0.0035646510475724,0.7139490443088072,0.9164098339802025,0.1832819667960405,0.028701739368659173,0.0020091217558061425,-1.4593453814618373,-0.058373815258473495,-1.657663457207415,-0.0663065382882966,-0.5680805139944917,-0.08521207709917375,-0.5388705704428343,-0.053887057044283426,-0.2599373632266994,-0.057186219909873874,-0.07771039740744269,-0.01010235166296755,-1.4591599868256147,-0.07295799934128074,-0.21873497005250275,210
600115,中国东航,unknown,-0.0277777777777777,-0.0460564870777646,0.968236582694414,0.787513691128149,10.9,8.251484,0.1093815482248696,-2.641206030150754,0.4743688852296679,-0.24731529957215082,-0.04946305991443017,-0.31440928758386705,-0.022008650130870694,-1.4180734451330115,-0.05672293780532046,-1.0770542286675449,-0.04308216914670179,1.7871513563770418,0.26807270345655626,-1.1211758461586099,-0.112117584615861,-0.17536015680139214,-0.03857923449630627,-1.187442830369845,-0.15436756794807985,-0.23766077222418042,-0.011883038611209021,-0.22015153921222297,211
000157,中联重科,unknown,-0.0305851063829786,-0.0389457084784308,0.2606790799561884,0.4720700985761227,1.52,27.692633,0.0689364277550359,-0.3730209773081916,0.3485412917448404,-0.2679925739390322,-0.053598514787806445,-0.27983284282885423,-0.0195882989980198,0.6328243139763184,0.025312972559052738,-0.1969728717228992,-0.007878914868915968,-0.42205613803145653,-0.06330842070471848,-0.26512906673224945,-0.026512906673224947,-0.2947885353380466,-0.06485347777437026,-0.23572382690620186,-0.030644097497806243,0.4038710942194635,0.020193554710973175,-0.22087810403483624,212
600028,中国石化,unknown,0.0083682008368199,-0.0324258615333479,0.8389923329682366,0.3176341730558598,2.04,19.888919,-0.0389756798067875,0.2821170084439084,0.1998755892442778,0.018916560741179252,0.0037833121482358507,-0.2481298268287614,-0.0173690878780133,-1.0434512538405953,-0.041738050153623814,0.23390029261458378,0.009356011704583351,-0.2995840807721368,-0.044937612115820515,-0.6087478640196115,-0.060874786401961145,-0.6134368143113792,-0.13495609914850343,0.03916876624873835,0.005091939612335986,1.1618430378920708,0.05809215189460354,-0.22355222033816347,213
600111,北方稀土,unknown,-0.0446284329563813,-0.3271940986934131,0.7053669222343921,0.6100766703176341,3.65,13.223781,0.2769358845811678,1.1311732452324677,0.5296430365468235,-0.3714281731930724,-0.07428563463861448,-1.6814521452387827,-0.1177016501667148,-0.6561300052162325,-0.026245200208649302,-0.5820084653861816,-0.023280338615447264,0.07960825035768006,0.011941237553652008,-0.9022320567148195,-0.09022320567148195,0.3194026841881178,0.07026859052138591,0.39542847907433354,0.05140570227966336,-0.5194759804667117,-0.02597379902333559,-0.2240942979695421,214
001280,中国铀业,unknown,-0.0462469384814867,-0.1895771802452056,0.1203703703703703,0.0092592592592592,1.26,17.52503,0.0861813580425914,0.5271161591116131,0.3618254956516704,-0.38334921540555783,-0.07666984308111158,-1.0122843865174889,-0.07085990705622423,1.0395175042251086,0.04158070016900434,1.0942601762506385,0.043770407050025543,-0.48329216666111635,-0.07249382499916746,-0.7128363397250032,-0.07128363397250032,-0.24386684099530098,-0.05365070501896622,0.14196917366289105,0.018455992576175837,0.3361415931574074,0.01680707965787037,-0.22434373467489374,215
002837,英维克,unknown,0.123823975720789,-0.1725770729652791,0.9375684556407448,0.9167579408543264,0.25,24.293461,0.2602908356827331,-0.8196726402714036,0.7349153777320953,0.8693017739627286,0.17386035479254572,-0.9296206863358043,-0.0650734480435063,-1.329180043809387,-0.053167201752375486,-1.437643117971254,-0.05750572471885017,-0.7211705855686412,-0.10817558783529618,-0.4148038747035407,-0.04148038747035407,0.2702523496728314,0.05945551692802291,-0.42313661099010835,-0.05500775942871409,-1.5660568179657859,-0.0783028408982893,-0.225397078426817,216
601127,赛力斯,unknown,-0.2003732835621917,0.0149682116374469,0.6308871851040526,0.0032858707557502,1.83,26.238315,0.3446285931858832,0.0089211622414362,0.3481985626812388,-1.5185610742860085,-0.30371221485720173,-0.017674254374494987,-0.0012371978062146493,-0.4402460305731453,-0.017609841222925814,1.110925811514283,0.044437032460571325,-0.349043950049939,-0.05235659250749085,-0.3291666521734076,-0.03291666521734076,0.519289106419082,0.11424360341219804,-0.07546283233814773,-0.009810168203959205,0.4056184980262711,0.020280924901313557,-0.2386811190410501,217
600050,中国联通,unknown,-0.0419580419580418,-0.1297139678564082,0.0240963855421686,0.1423877327491785,1.24,23.727921,-0.0051233801085127,-0.1798900036224315,0.2608064838037944,-0.351759507673396,-0.0703519015346792,-0.7211971269292394,-0.05048379888504676,1.3185734099014197,0.05274293639605679,0.7228343798060536,0.028913375192242144,-0.48800263040185954,-0.07320039456027892,-0.43970614234403793,-0.04397061423440379,-0.5134760473328934,-0.11296473041323656,-0.1546870448394906,-0.02010931582913378,0.8511869295754083,0.04255934647877042,-0.2468650973897097,218
601633,长城汽车,unknown,-0.0579450418160094,-0.2314777707011325,0.0076670317634173,0.0065717415115005,1.07,18.452004,0.1271958692187531,-0.4601017603043241,0.2733940736999943,-0.4695111601711034,-0.09390223203422068,-1.216027680006827,-0.0851219376004779,1.366194874896218,0.05464779499584872,1.101758297379443,0.04407033189517772,-0.5280415721981756,-0.07920623582972634,-0.672019147937009,-0.0672019147937009,-0.1227571370473077,-0.027006570150407694,-0.2722624840629667,-0.035394122928185674,0.7870091143880741,0.03935045571940371,-0.24976443072628907,219
601318,中国平安,unknown,-0.0316969462698105,-0.0695450476759097,0.0339539978094194,0.1993428258488499,2.5,16.106316,-0.0618382223444057,-0.0738081137103938,0.3137602631535477,-0.2761817892483744,-0.05523635784967488,-0.4286233510019887,-0.03000363457013921,1.2900005309045406,0.051600021236181626,0.563930801468826,0.02255723205875304,-0.19124341473504625,-0.028686512210256934,-0.7753061840036047,-0.07753061840036048,-0.6809464756197081,-0.14980822463633578,-0.1101756190957675,-0.014322830482449775,0.5812021356153421,0.029060106780767106,-0.25237081807351525,220
002714,牧原股份,unknown,0.103251568739304,0.5729377352351743,0.8838992332968236,0.0240963855421686,-1.57,5.171922,-0.1710304164908438,-1.2705000164139153,0.3657994930572178,0.7177764759426665,0.1435552951885333,2.6954748246117495,0.18868323772282247,-1.1736165914930448,-0.04694466365972179,1.052864888660296,0.042114595546411844,-1.1498227859762602,-0.17247341789643902,-1.256777354698244,-0.1256777354698244,-1.003374658408659,-0.22074242484990497,-0.6123015032544178,-0.07959919542307431,0.3158801711416517,0.015794008557082583,-0.2552903002841143,221
601988,中国银行,unknown,-0.0677685950413223,-0.1234317953925336,0.8444687842278203,0.7721796276013143,2.115,41.800767,0.084381764274324,0.0417003899639467,0.2157520893275003,-0.5418661758686409,-0.1083732351737282,-0.690649812580432,-0.04834548688063024,-1.059325075505528,-0.042373003020221116,-1.0342724960382912,-0.041370899841531646,-0.28191984174435025,-0.04228797626165254,0.35609052653435913,0.03560905265343591,-0.24918077165670535,-0.054819769764475175,-0.06170883378177821,-0.008022148391631168,1.0808967172250499,0.0540448358612525,-0.25593863081918167,222
600066,宇通客车,unknown,-0.0402355250245338,-0.0749378694072319,0.0142387732749178,0.696604600219058,4.14,23.55832,-0.0792063149820702,-0.1268851573024643,0.3789359725722174,-0.33907237330310547,-0.0678144746606211,-0.45484616191669835,-0.03183923133416889,1.3471462888982988,0.05388585155593195,-0.8234196709369698,-0.03293678683747879,0.19501461200588513,0.029252191800882767,-0.447174136639925,-0.044717413663992504,-0.7322318499218509,-0.16109100698280718,-0.1324464787731714,-0.017218042240512283,0.24890384275170618,0.01244519213758531,-0.2600337202251807,223
601985,中国核电,unknown,-0.0144605116796441,-0.1517356702800131,0.8619934282584885,0.2059145673603505,1.73,39.501801,-0.0664854773008009,-0.3419128140682644,0.1900348437448866,-0.14922747172836673,-0.029845494345673348,-0.8282785339262795,-0.05797949737483957,-1.1101213048333132,-0.044404852193332525,0.5455957731991458,0.02182383092796583,-0.3725962687536543,-0.05588944031304815,0.2548607874736327,0.025486078747363274,-0.6946691229413466,-0.15282720704709626,-0.2226709985749401,-0.028947229814742216,1.2120160695187352,0.060600803475936764,-0.26198300793746626,224
600941,中国移动,unknown,-0.0958594472413438,-0.0869912489884348,0.2696287279367012,0.2477175897748021,2.1,25.350685,0.0103048225659689,-0.0420815513695276,0.1706874827943138,-0.7487683023469168,-0.14975366046938338,-0.5134562012223387,-0.03594193408556371,0.6068832237935157,0.024275328951740626,0.42896617107834756,0.017158646843133903,-0.28545268954990755,-0.04281790343248613,-0.36825142040507036,-0.03682514204050704,-0.4679188773271196,-0.10294215301196631,-0.09686331362204291,-0.012592230770865579,1.3106585710371046,0.06553292855185523,-0.2739061194640424,225
000977,浪潮信息,unknown,0.1218216929514,0.3142688825839304,0.9003285870755751,0.904709748083242,2.75,6.639155,-0.2430312199215879,0.3073707751312211,0.5905303647441748,0.8545540347397412,0.17091080694794825,1.4376872042270838,0.10063810429589588,-1.2212380564878438,-0.04884952225951375,-1.4040288994768402,-0.05616115597907361,-0.13236261797575793,-0.01985439269636369,-1.1921710866058552,-0.11921710866058553,-1.215982238932093,-0.2675160925650604,0.04976511932638153,0.006469465512429599,-0.8299099657270552,-0.04149549828635277,-0.275075393690676,226
001391,国货航,unknown,-0.1353535353535353,0.2009662499757856,0.0234657039711191,0.0234657039711191,1.74,12.296577,0.0073346710115393,-0.1844583631918257,0.2340845209290497,-1.0396605385648896,-0.20793210771297793,0.8867486308702847,0.062072404160919935,1.3204014781725797,0.05281605912690319,1.0546244777150577,0.04218497910860231,-0.3702410368832828,-0.05553615553249242,-0.9430593760297037,-0.09430593760297037,-0.47668928967929003,-0.10487164372944381,-0.15660390546397918,-0.020358507710317292,0.9874288320333129,0.04937144160166565,-0.2765594682901107,227
002920,德赛西威,unknown,-0.1043211184071172,0.1218324335398222,0.0065717415115005,0.0065717415115005,2.95,18.596436,-0.0436958000729993,-0.2074038175708004,0.4647939793036432,-0.811092426417353,-0.1622184852834706,0.5019572899462746,0.03513701029623923,1.369369639229205,0.0547747855691682,1.101758297379443,0.04407033189517772,-0.08525798056832722,-0.012788697085249082,-0.6656594133119563,-0.06656594133119563,-0.6273746219713201,-0.13802241683369043,-0.1662317023442252,-0.021610121304749277,-0.18884312341103968,-0.009442156170551984,-0.2766656902483219,228
600019,宝钢股份,unknown,0.0161870503597123,-0.3054263454051141,0.4184008762322015,0.0208105147864184,1.07,6.622047,0.0573762366174641,-0.0860871780509648,0.2183238401909728,0.07650600592358106,0.015301201184716213,-1.5756055760481553,-0.11029239032337089,0.17565825002625113,0.007026330001050045,1.062032402795136,0.04248129611180544,-0.5280415721981756,-0.07920623582972634,-1.1929243984755613,-0.11929243984755614,-0.3289240470412135,-0.07236329034906697,-0.11532785253590443,-0.014992620829667576,1.0677846478785873,0.05338923239392937,-0.27794891748788686,229
600938,中国海油,unknown,-0.1964184195565662,-0.034001172731895,0.7924528301886793,0.5250487963565387,4.77,51.173769,0.0863327531023638,0.0705904876514509,0.3517534486989643,-1.4894316706328263,-0.2978863341265653,-0.2557898404078116,-0.017905288828546813,-0.9085537202955807,-0.03634214881182323,-0.34478238611035283,-0.013791295444414113,0.3433942198392917,0.051509132975893754,0.7688093517260612,0.07688093517260614,-0.24341979407599307,-0.05355235469671848,-0.049586694564494826,-0.006446270293384328,0.3874939150251596,0.019374695751257984,-0.27815892830169436,230
601600,中国铝业,unknown,-0.2059925093632958,-0.0380183729691617,0.0843373493975903,0.3943044906900328,7.11,25.827609,0.0484880627609149,0.5634647468046143,0.5671349579664867,-1.5599492728045692,-0.3119898545609139,-0.2753236369018678,-0.019272654583130745,1.1439613715871577,0.04575845486348631,0.019991629468315755,0.0007996651787326302,0.8945184775062307,0.1341777716259346,-0.347251156777075,-0.0347251156777075,-0.3551694922150332,-0.0781372882873073,0.15722085765275778,0.020438711494858514,-0.7106285063855613,-0.03553142531927807,-0.2784817352653255,231
601006,大秦铁路,unknown,-0.0754352030947774,0.1048787194937046,0.9331872946330778,0.0065717415115005,1.44,14.522207,0.0432140926814754,-0.072638458359181,0.1794904137781304,-0.5983342921735681,-0.11966685843471364,0.4195191787157001,0.02936634251009901,-1.3164809864774412,-0.052659239459097645,1.101758297379443,0.04407033189517772,-0.44089799299442883,-0.06613469894916432,-0.8450588209341848,-0.08450588209341849,-0.3707427353583706,-0.08156340177884153,-0.10968483761219448,-0.014259028889585284,1.265776835737101,0.06328884178685505,-0.2820635934126891,232
002594,比亚迪,unknown,-0.0588108805504784,0.2835786413759464,0.4611171960569551,0.0076670317634173,1.65,18.806213,-0.1181913656390478,-0.5538440532671545,0.3224492363048697,-0.4758884631476488,-0.09517769262952977,1.2884546813996551,0.09019182769797587,0.05184244103977444,0.0020736976415909776,1.098702459334496,0.043948098373379846,-0.3914381237166266,-0.05871571855749399,-0.6564223602320317,-0.06564223602320317,-0.8473488611470943,-0.18641674945236075,-0.3115962771894019,-0.04050751603462225,0.5369014142165937,0.026845070710829685,-0.28340121827343356,233
300413,芒果超媒,unknown,-0.0918367346938775,-0.0025607934293282,0.352683461117196,0.0076670317634173,0.85,23.31157,0.0634891414242975,-0.4737040916597704,0.2843150614003248,-0.7191391627837894,-0.14382783255675788,-0.1029097411548697,-0.007203681880840879,0.36614411000544594,0.014645764400217838,1.098702459334496,0.043948098373379846,-0.5798566733463493,-0.08697850100195238,-0.4580392116837639,-0.045803921168376394,-0.310873555393561,-0.06839218218658341,-0.2779699536656624,-0.03613609397653612,0.7313284689210214,0.03656642344605107,-0.2931819265513983,234
002230,科大讯飞,unknown,-0.1168802954594829,-0.0440896114635985,0.357064622124863,0.1347207009857612,-0.91,38.97253,0.1323309070210259,-0.1217433236841695,0.3639995093965583,-0.9035965776068153,-0.18071931552136308,-0.3048452764051801,-0.02133916934836261,0.35344505267349974,0.01413780210693999,0.7442252461206804,0.029769009844827218,-0.9943774825317391,-0.14915662237976085,0.2315555427582216,0.023155554275822162,-0.10759414009425675,-0.023670710820736483,-0.13028899133137445,-0.01693756887307868,0.32505738613408663,0.01625286930670433,-0.30850815140900795,235
600011,华能国际,unknown,-0.1182389937106919,-0.0832083283096549,0.3877327491785323,0.0700985761226725,5.78,19.521102,-0.0588766932130424,-0.0983000068375598,0.444428780808382,-0.9136040190121437,-0.18272080380242875,-0.49506159843233155,-0.03465431189026321,0.26455165134987535,0.010582066053995014,0.9245196907725349,0.036980787630901395,0.5812726387468168,0.08719089581202251,-0.624943849054666,-0.062494384905466605,-0.6722015239904605,-0.14788433527790132,-0.12045229387180148,-0.01565879820333419,-0.08501117813318938,-0.0042505589066594695,-0.3129094434891347,236
300498,温氏股份,unknown,0.0828075709779181,0.3157220667341296,0.8751369112814896,0.0777656078860898,-2.59,2.707856,0.0030603100718349,-1.53152419835135,0.3325323527089147,0.5671969712544956,0.11343939425089913,1.44475337015903,0.10113273591113212,-1.1482184768291523,-0.045928739073166094,0.9031288244579081,0.036125152978316324,-1.3900564367541568,-0.20850846551312352,-1.3652768967568947,-0.13652768967568948,-0.4893108368617259,-0.10764838410957969,-0.7218259329309461,-0.093837371281023,0.48549265476165354,0.02427463273808268,-0.31747873377415153,237
002074,国轩高科,unknown,-0.1086304565144952,-0.141893299548348,0.0492880613362541,0.2968236582694414,0.07,16.05657,0.292964776523146,-0.7903938444990801,0.4145941410143333,-0.8428326958752406,-0.16856653917504813,-0.7804196134005221,-0.054629372938036554,1.2455538302427283,0.04982215320970913,0.29196121546857073,0.011678448618742829,-0.7635647592353288,-0.11453471388529932,-0.7774966359717133,-0.07774966359717134,0.3667335995651038,0.08068139190432284,-0.4108513760177106,-0.05341067888230238,0.06710070465552338,0.003355035232776169,-0.32335393951230673,238
300122,智飞生物,unknown,-0.017684887459807,0.0934702166199066,0.1686746987951807,0.2716319824753559,-2.48,29.157583,-0.0864375082280319,0.1878519055333876,0.3727692065727172,-0.17297649154202133,-0.034595298308404264,0.3640448781390744,0.02548314146973521,0.8995045179471911,0.035980180717887646,0.3622454905023447,0.01448981962009379,-1.36414888618007,-0.2046223329270105,-0.2006233253524244,-0.02006233253524244,-0.7535844797129907,-0.16578858553685796,-0.0003843952937761461,-4.9971388190898995e-05,0.2803450933710116,0.014017254668550581,-0.33514812421943885,239
601360,三六零,unknown,-0.1266598569969355,-0.0612154319240895,0.9660460021905805,0.3614457831325301,0.37,70.701096,0.0789568569208778,-1.3999985356889215,0.3506844530073825,-0.9756275741645684,-0.19512551483291368,-0.38812026194500715,-0.027168418336150503,-1.411723916467038,-0.05646895665868153,0.11166677081671625,0.00446667083266865,-0.6929078031241829,-0.10393617046862742,1.6286507833798907,0.16286507833798908,-0.26519970994660086,-0.05834393618825219,-0.6666384285242365,-0.08666299570815075,0.39294418854821944,0.019647209427410973,-0.3407270335947073,240
601668,中国建筑,unknown,-0.0402542372881354,-0.0979678174666845,0.8302300109529025,0.0098576122672508,2.77,7.926848,-0.0784558143874334,-0.075317838892705,0.1479225444699976,-0.33921019778428624,-0.06784203955685725,-0.5668302035606161,-0.03967811424924313,-1.0180531391767025,-0.0407221255670681,1.092590783244603,0.043703631329784116,-0.12765215423501486,-0.019147823135252227,-1.135470454069174,-0.1135470454069174,-0.7300157341564121,-0.16060346151441066,-0.11080909216455986,-0.014405181981392783,1.4267255875650333,0.07133627937825167,-0.3409058807031058,241
000425,徐工机械,unknown,-0.0893433799784713,-0.1120090547172002,0.511500547645126,0.696604600219058,3.34,22.051513,0.0925845175204056,0.0086237121656489,0.5159725750394077,-0.7007744514176536,-0.14015489028353073,-0.6351062801255605,-0.044457439608789236,-0.09419671827760819,-0.0037678687311043274,-0.8234196709369698,-0.03293678683747879,0.006596062376162511,0.0009894093564243765,-0.5135229558155352,-0.05135229558155352,-0.22495927080973727,-0.0494910395781422,-0.07558764088908748,-0.009826393315581373,-0.4497771453931796,-0.02248885726965898,-0.3534861618494148,242
601225,陕西煤业,unknown,-0.1111538461538461,0.0410268389179604,0.9386637458926615,0.5629791894852135,4.21,31.12328,-0.0301055523173955,-0.1237895549196139,0.4009456670658549,-0.8614186283559416,-0.17228372567118833,0.10903686086688767,0.007632580260682138,-1.3323548081423737,-0.05329419232569495,-0.450607429453474,-0.01802429717813896,0.21150123509848595,0.031725185264772894,-0.11406832872243816,-0.011406832872243818,-0.5872446573548532,-0.1291938246180677,-0.1311475796329827,-0.017049185352287752,0.13668743618059703,0.006834371809029852,-0.35505992068313663,243
000617,中油资本,unknown,-0.065934065934066,-0.1423529383450239,0.628696604600219,0.552026286966046,1.49,57.235599,-0.1723747512722055,0.2288530805349873,0.3505926043927448,-0.5283540200011401,-0.10567080400022802,-0.7826546253951318,-0.054785823777659226,-0.433896501907172,-0.01735586007628688,-0.4200490490040074,-0.016801961960160296,-0.4291218336425711,-0.06436827504638566,1.0357282487999993,0.10357282487999993,-1.0073442775192807,-0.22161574105424175,0.01681949085495664,0.002186533811144363,0.3934124786231296,0.019670623931156483,-0.3551684832926611,244
601111,中国国航,unknown,-0.043276661514683,-0.0646146642670144,0.8061336254107339,0.3012048192771084,3.96,7.864876,0.1127621733767041,-1.838602186993791,0.3903752686450956,-0.3614717509454138,-0.07229435018908276,-0.4046491648875917,-0.02832544154213142,-0.9482083238509978,-0.03792833295403991,0.2797378632887841,0.011189514531551363,0.1526204383391976,0.02289306575087964,-1.1381992501405693,-0.11381992501405694,-0.16537767744087298,-0.036383089036992056,-0.8506743075246083,-0.11058765997819908,0.190580602537151,0.009529030126857551,-0.35572718830521355,245
600362,江西铜业,unknown,-0.0545536519386835,-0.1804047563864377,0.8269441401971522,0.8806133625410734,3.41,5.069891,0.2538765976861705,0.4431045618218487,0.6362233100764872,-0.4445320042402238,-0.08890640084804477,-0.9676831094010895,-0.06773781765807627,-1.0085288461777429,-0.04034115384710971,-1.3368004624880132,-0.05347201849952053,0.02308268546876331,0.0034624028203144967,-1.2612700577247808,-0.1261270057724781,0.25131206628193314,0.05528865458202529,0.10671833134215503,0.013873383074480154,-1.0628754043125153,-0.05314377021562577,-0.35710372636403515,246
688047,龙芯中科,unknown,0.0297619047619046,0.0720897789880299,0.2586558044806517,0.879837067209776,-4.65,34.870788,0.0796226153719565,-0.2466292426325946,0.5351982226697338,0.17649109083476155,0.03529821816695231,0.2600816467869071,0.0182057152750835,0.6386888990069068,0.025547555960276275,-1.334634613934772,-0.053385384557390884,-1.875234202050693,-0.28128513030760394,0.050944662756332845,0.005094466275633285,-0.26323382502931625,-0.05791144150644958,-0.18269049277821714,-0.02374976406116823,-0.5477990916633206,-0.027389954583166034,-0.3595757193378333,247
603296,华勤技术,unknown,-0.0626728110599078,-0.1241740353296549,0.731203007518797,0.8505639097744361,4.03,8.539906,0.1642393349874236,0.259614881099357,0.6157608632835839,-0.5043333685931184,-0.10086667371862368,-0.6942589839000457,-0.0485981288730032,-0.7310174443415117,-0.02924069777366047,-1.2529630862003829,-0.05011852344801532,0.1691070614317984,0.02536605921476976,-1.1084758393732232,-0.11084758393732233,-0.013373334978277206,-0.0029421336952209854,0.029726987155216135,0.0038645083301780975,-0.9585476386810607,-0.04792738193405304,-0.3613105558349512,248
600029,南方航空,unknown,0.0019157088122607,-0.0690294688558363,0.9539978094194962,0.3504928806133625,4.07,10.819974,0.1007901951298178,-2.9825970548862113,0.371557927468042,-0.028609029136239694,-0.005721805827247939,-0.42611632841084895,-0.02982814298875943,-1.376801508804186,-0.05507206035216744,0.1422251512661833,0.005689006050647332,0.17852798891328456,0.026779198336992684,-1.0080782307610419,-0.1008078230761042,-0.2007291347561789,-0.04416040964635936,-1.3306887817729176,-0.1729895416304793,0.2865207987412346,0.01432603993706173,-0.36178553919641593,249
601728,中国电信,unknown,-0.0747508305647839,-0.1873773896411837,0.3557800224466891,0.318742985409652,1.58,28.123671,-0.0231575084578485,-0.1708124094188663,0.3374725289481419,-0.5932935717728228,-0.11865871435456457,-1.0015878169041859,-0.07011114718329302,0.35716854170601464,0.014286741668240587,0.23080672817402056,0.009232269126960823,-0.4079247468092273,-0.061188712021384095,-0.2461492887515149,-0.02461492887515149,-0.5667281252612928,-0.12468018755748442,-0.1508781321150031,-0.0196141571749504,0.4603051708756637,0.023015258543783185,-0.3723335778278434,250
000338,潍柴动力,unknown,-0.0498071979434447,-0.054456782617326,0.9550930996714128,0.9474260679079956,3.27,21.430759,0.0887410224664864,0.1383110155966265,0.6027046090422228,-0.409572173977564,-0.0819144347955128,-0.35525605992981474,-0.024867924195087033,-1.379976273137172,-0.05519905092548688,-1.5232065832297608,-0.060928263329190435,-0.009890560716438186,-0.001483584107465728,-0.5408564463677671,-0.05408564463677671,-0.23630853561278284,-0.05198787783481223,-0.02117150273998193,-0.0027522953561976513,-0.8919803387729277,-0.04459901693864639,-0.3778180921191759,251
000768,中航西飞,unknown,-0.0138888888888888,-0.1075827423406349,0.0109529025191675,0.0109529025191675,1.31,8.755926,-0.1701947875549622,-0.1472821055366647,0.3862196002527395,-0.14501720533599904,-0.02900344106719981,-0.6135831595250855,-0.042950821166755984,1.3566705818972586,0.054266823275890344,1.0895349451996563,0.043581397807986255,-0.4715160073092587,-0.0707274010963888,-1.0989638899873262,-0.10989638899873262,-1.0009071714111832,-0.2201995777104603,-0.14100493533421116,-0.018330641593447453,0.21176827390742586,0.010588413695371293,-0.3826716368537371,252
002241,歌尔股份,unknown,-0.1349717969379533,-0.1395293064972115,0.1861993428258488,0.2234392113910186,1.37,13.766487,0.1443568906266743,0.0728257767238145,0.4512214245974936,-1.0368488584713145,-0.2073697716942629,-0.7689246028342371,-0.0538247221983966,0.8487082886194058,0.033948331544776236,0.4967023644799988,0.019868094579199955,-0.4573846160870295,-0.06860769241305442,-0.8783352323308616,-0.08783352323308617,-0.07208321304924492,-0.015858306870833883,-0.048648778548455056,-0.006324341211299158,-0.11964346607121662,-0.005982173303560831,-0.3919841048005178,253
300450,先导智能,unknown,-0.187995712754555,-0.2129149927223317,0.4140197152245345,0.3691128148959474,3.03,33.612077,0.1911298099901321,0.1098993668484664,0.5821711032554459,-1.427394537133622,-0.28547890742672444,-1.1257654311802772,-0.0788035801826194,0.18835730735819736,0.007534292294327894,0.09027590450208955,0.0036110361800835824,-0.06641612560535504,-0.009962418840803256,-0.00447981332676964,-0.000447981332676964,0.06603020716345595,0.014526645575960308,-0.03309288719645329,-0.004302075335538928,-0.7872902789283772,-0.039364513946418864,-0.39268750301441013,254
601186,中国铁建,unknown,-0.0283018867924529,-0.1933959627598835,0.6013143483023001,0.0076670317634173,1.38,7.855363,-0.0980670107850689,-0.1472388588384648,0.1729198433559432,-0.25117560501502556,-0.05023512100300512,-1.0308533689159198,-0.07215973582411439,-0.3545273935825076,-0.014181095743300304,1.098702459334496,0.043948098373379846,-0.455029384216658,-0.0682544076324987,-1.1386181334592806,-0.11386181334592807,-0.7879246576489354,-0.17334342468276578,-0.1409867892378588,-0.018328282600921644,1.2992768828237793,0.06496384414118897,-0.4014519383179651,255
600795,国电电力,unknown,-0.0650887573964497,-0.2411614364014838,0.4216867469879518,0.2858707557502738,2.32,12.31946,-0.0161763691068861,-0.2278856328703009,0.2592842989933806,-0.522127931425482,-0.1044255862850964,-1.2631148909833545,-0.08841804236883483,0.16613395702729142,0.0066453582810916565,0.32251959591803764,0.012900783836721505,-0.2336375884017339,-0.03504563826026008,-0.9420517751696098,-0.09420517751696099,-0.5461138671421774,-0.12014505077127902,-0.17482576869764635,-0.022727349930694026,0.8589477873924551,0.04294738936962276,-0.4024733136456894,256
600803,新奥股份,unknown,-0.1119208745445081,-0.0211701574921103,0.4786418400876232,0.0120481927710843,2.68,12.341878,-0.076468326971371,-0.3292094671405016,0.2837722871062741,-0.8670681474224032,-0.17341362948448066,-0.19339851667419022,-0.013537896167193317,0.00104621171198922,4.18484684795688e-05,1.0864791071547093,0.04345916428618837,-0.14884924106835862,-0.02232738616025379,-0.9410646495269237,-0.09410646495269237,-0.7241469817159446,-0.15931233597750782,-0.2173407383020441,-0.028254295979265733,0.7340958031461806,0.036704790157309035,-0.4107462058094167,257
601800,中国交建,unknown,-0.0509554140127388,-0.2819412881051553,0.6823658269441402,0.0076670317634173,1.37,10.159579,0.0084194821005805,-0.2495493419947858,0.2144153017534146,-0.418029316705092,-0.08360586334101841,-1.4614085475572933,-0.10229859832901055,-0.5894599542235143,-0.02357839816894057,1.098702459334496,0.043948098373379846,-0.4573846160870295,-0.06860769241305442,-1.0371572225891108,-0.10371572225891108,-0.4734860051327796,-0.10416692112921151,-0.1839157517364827,-0.02390904772574275,1.087712327407925,0.05438561637039625,-0.4115485286221132,258
600875,东方电气,unknown,-0.0945863746958638,-0.0076739316555339,0.7940854326396495,0.910186199342826,3.44,17.182121,0.0557071807767945,0.3740911910703073,0.5724172766668929,-0.7393915338905749,-0.14787830677811498,-0.12777257986281496,-0.008944080590397047,-0.9132859161881454,-0.03653143664752582,-1.419308089701574,-0.05677232358806296,0.030148381079877867,0.00452225716198168,-0.7279355576306071,-0.07279355576306072,-0.3338525187684019,-0.07344755412904841,0.07776066919946081,0.010108886995929905,-0.7375604032864613,-0.036878020164323067,-0.41861413350262144,259
600482,中国动力,unknown,-0.0577281191806331,-0.001742639645892,0.3943044906900328,0.963855421686747,1.45,18.90736,0.0445384204929932,0.4864170572730242,0.7047512789294158,-0.4679134245730145,-0.0935826849146029,-0.09893143572756576,-0.006925200500929604,0.24550306535195593,0.009820122614078237,-1.5690441539039612,-0.06276176615615844,-0.43854276112405727,-0.06578141416860858,-0.6519685821349327,-0.06519685821349328,-0.3668321938309066,-0.08070308264279945,0.12489203588917001,0.0162359646655921,-1.4122651887329911,-0.07061325943664956,-0.4195081787535715,260
600585,海螺水泥,unknown,-0.0787359400107124,-0.1103443715466823,0.5629791894852135,0.0076670317634173,0.76,21.25829,-0.1045250933944887,-0.1898082174568185,0.2042475854863538,-0.6226457470909728,-0.12452914941819455,-0.627011691765658,-0.04389081842359606,-0.24341064192797718,-0.009736425677119088,1.098702459334496,0.043948098373379846,-0.601053760179693,-0.09015806402695395,-0.5484507265206986,-0.054845072652069865,-0.8069944076098494,-0.17753876967416687,-0.1588486773195091,-0.020650328051536184,1.1395524191844832,0.056977620959224165,-0.42042290859103254,261
600930,华电新能,unknown,-0.1926910299003321,-0.2576065518379723,0.6825842696629213,0.0252808988764044,1.74,40.808136,0.0996438755932469,-0.2944494237336335,0.3250879906418015,-1.4619777208346294,-0.29239554416692587,-1.3430799211746793,-0.09401559448222756,-0.5900931235146436,-0.023603724940585744,1.0495601199880924,0.0419824047995237,-0.3702410368832828,-0.05553615553249242,0.3123822780811031,0.031238227808110308,-0.2041140445289081,-0.044905089796359786,-0.20275559947923136,-0.02635822793230008,0.523447727724034,0.0261723863862017,-0.43742131785705574,262
600104,上汽集团,unknown,-0.1282922684791844,-0.114437922609484,0.5377875136911281,0.0076670317634173,1.01,12.827926,-0.0031397257109176,0.0009338455273222,0.1865291792340153,-0.9876510401868841,-0.19753020803737684,-0.6469167471963033,-0.04528417230374124,-0.17039106226928585,-0.006815642490771434,1.098702459334496,0.043948098373379846,-0.5421729634204047,-0.0813259445130607,-0.9196626313104788,-0.09196626313104789,-0.507618613221439,-0.11167609490871658,-0.07881427012933606,-0.010245855116813689,1.2298896967136772,0.061494484835683864,-0.43940159729246464,263
601919,中远海控,unknown,-0.037190082644628,-0.1939521619615014,0.8663745892661555,0.312157721796276,2.51,17.241117,-0.1063405617508523,-0.4974629286480496,0.2390960857078105,-0.3166412807900386,-0.06332825615800773,-1.0335579097336196,-0.07234905368135337,-1.1228203621652595,-0.04491281448661038,0.2491794828393172,0.009967179313572688,-0.18888818286467476,-0.028333227429701215,-0.725337802950622,-0.0725337802950622,-0.8123552135505023,-0.17871814698111052,-0.28793904178464214,-0.03743207543200348,0.9618773737459911,0.04809386868729956,-0.43954630646297665,264
601238,广汽集团,unknown,-0.1295081967213115,0.1264578484138101,0.2343921139101862,0.0076670317634173,-0.63,-0.88927,0.0175884736021181,-0.102920322024207,0.2190656483392025,-0.9966069144035052,-0.19932138288070106,0.5244485543873361,0.03671139880711353,0.7090186579679963,0.028360746318719855,1.098702459334496,0.043948098373379846,-0.9284309901613361,-0.13926464852420042,-1.5236681588932441,-0.15236681588932444,-0.4464113475443137,-0.09821049645974902,-0.12239095481113405,-0.015910824125447427,1.0640025397360335,0.05320012698680168,-0.44285379739340747,265
600027,华电国际,unknown,-0.0992063492063491,-0.220134248556639,0.3351588170865279,0.1872946330777656,3.39,12.634887,-0.0943242286248164,-0.0993045623929902,0.3252493498476378,-0.7734197842152165,-0.1546839568430433,-1.1608693508200498,-0.08126085455740349,0.41694033933323116,0.016677613573329246,0.5975450199632395,0.02390180079852958,0.01837222172802024,0.002755833259203036,-0.9281626646291722,-0.09281626646291723,-0.7768727829253017,-0.17091201224356636,-0.12087380031411751,-0.015713594040835277,0.5226250379656027,0.026131251898280135,-0.44592018461842364,266
601857,中国石油,unknown,-0.1191860465116279,-0.148152276127185,0.6626506024096386,0.6407447973713034,3.0,22.924076,-0.0221404517061147,0.0185879873551106,0.3005462258556213,-0.9205795011728706,-0.18411590023457414,-0.8108541368325063,-0.056759789578275446,-0.5323141962297561,-0.021292567849190244,-0.6675719306446889,-0.026702877225787555,-0.0734818212164696,-0.011022273182470439,-0.47510162866061223,-0.047510162866061224,-0.563724909117335,-0.1240194800058137,-0.07140668129689398,-0.009282868568596218,0.6485738922882285,0.032428694614411425,-0.4482772248963576,267
003816,中国广核,unknown,-0.1016166281755196,-0.0752469495080918,0.8543263964950711,0.6308871851040526,2.2,39.372794,-0.1325016004530853,-0.0932784633733314,0.2856346204151495,-0.791172604264117,-0.1582345208528234,-0.45634907624358473,-0.031944435337050936,-1.087897954502407,-0.04351591818009628,-0.6400693882401688,-0.025602775529606752,-0.2619003708461922,-0.039285055626928835,0.24918025764108745,0.024918025764108745,-0.8896048396301846,-0.1957130647186406,-0.11834527957169598,-0.015384886344320479,0.7246006985312533,0.03623003492656267,-0.4485325958987959,268
600048,保利发展,unknown,-0.1052631578947369,0.1057319824533553,0.0821467688937568,0.0076670317634173,0.47,13.496984,-0.1573846933673742,-0.5706315396981284,0.312317537023983,-0.8180309832054192,-0.16360619664108386,0.4236682039136756,0.029656774273957295,1.1503109002531309,0.04601243601012524,1.098702459334496,0.043948098373379846,-0.6693554844204674,-0.10040332266307012,-0.8902021839804654,-0.08902021839804654,-0.9630808833459386,-0.21187779433610648,-0.3186402217902726,-0.04142322883273544,0.5885578734231883,0.029427893671159416,-0.4572855585424207,269
601390,中国中铁,unknown,-0.0831556503198295,-0.2136118511768118,0.3680175246440306,0.0065717415115005,1.36,7.928366,-0.054450193059517,-0.2765424218177267,0.2421676772533346,-0.6551989588932685,-0.1310397917786537,-1.1291539332292162,-0.07904077532604514,0.32169740934363394,0.012867896373745358,1.101758297379443,0.04407033189517772,-0.459739847957401,-0.06896097719361015,-1.1354036123917006,-0.11354036123917007,-0.6591307325133505,-0.14500876115293712,-0.19524191182968523,-0.02538144853785908,0.9462168671545637,0.047310843357728186,-0.45872304360162397,270
601088,中国神华,unknown,-0.1362324814509482,-0.115811634595049,0.9441401971522454,0.6987951807228916,2.4,32.889185,0.0116691815764891,-0.1072893129132145,0.3096233570629538,-1.046134383335408,-0.20922687666708162,-0.6535964765557069,-0.045751753358899486,-1.348228629807307,-0.05392914519229228,-0.8295313470268634,-0.033181253881074534,-0.21479573343876163,-0.03221936001581424,-0.03631071840717831,-0.0036310718407178313,-0.46389012966917076,-0.10205582852721756,-0.12422416134329811,-0.016149140974628756,0.6022941474078176,0.030114707370390882,-0.4660297230873354,271
300274,阳光电源,unknown,-0.1663089430894309,0.1781653031239172,0.4731653888280394,0.3373493975903614,4.81,33.262931,-0.1825867218095382,-0.4011570312262479,0.6925294630290334,-1.26766144223822,-0.253532288447644,0.7758781167384748,0.054311468171693245,0.016920033376922283,0.0006768013350768914,0.1788952078055434,0.007155808312221737,0.35281514732077784,0.052922272098116674,-0.019853663341992192,-0.001985366334199219,-1.0374986958711157,-0.22824971309164543,-0.24752957316254606,-0.03217884451113099,-1.3499522719175838,-0.06749761359587919,-0.4683774760633903,272
601669,中国电建,unknown,-0.0747126436781608,-0.3248946467716257,0.5136911281489595,0.0219058050383351,1.31,10.176367,0.0173528327670298,-0.2555756178641014,0.3356310333310503,-0.5930123076805253,-0.11860246153610506,-1.6702709684900172,-0.11691896779430122,-0.10054624694358122,-0.004021849877743249,1.0589765647501892,0.042359062590007567,-0.4715160073092587,-0.0707274010963888,-1.0364180011915993,-0.10364180011915994,-0.447107159610756,-0.09836357511436632,-0.18644434668412788,-0.024237765068936625,0.46969403453872816,0.02348470172693641,-0.4706700562900572,273
000063,中兴通讯,unknown,-0.0728341426015845,-0.2191526497574754,0.9693318729463308,0.4994523548740416,1.72,28.276157,0.0612669555834963,-0.4658165020634509,0.5262827619530279,-0.5791762779094145,-0.1158352555818829,-1.156096287480116,-0.08092674012360812,-1.4212482094659982,-0.056849928378639926,-0.2733688228465663,-0.010934752913862651,-0.3749515006240259,-0.05624272509360388,-0.2394349145544133,-0.02394349145544133,-0.31743533710396393,-0.06983577416287207,-0.2746603608699019,-0.03570584691308725,-0.5023436236265502,-0.02511718118132751,-0.47539169580432566,274
000625,长安汽车,unknown,-0.1025,-0.0236602733696006,0.6166484118291348,0.0065717415115005,0.45,14.075789,-0.0425680140854377,-0.7408744866333075,0.2601549467903355,-0.7976790465626474,-0.1595358093125295,-0.20550680451761846,-0.014385476316233294,-0.39897409424431984,-0.015958963769772794,1.101758297379443,0.04407033189517772,-0.6740659481612106,-0.10110989222418158,-0.8647158222347745,-0.08647158222347745,-0.6240444389908713,-0.13728977657799168,-0.39007330331984597,-0.050709529431579976,0.8545087904226619,0.0427254395211331,-0.47866525843945545,275
600893,航发动力,unknown,-0.0848900449278788,-0.0550514846434416,0.8346111719605696,0.3329682365826944,0.0064,10.909279,0.1479949681110874,-0.6592800784775961,0.4783403098397287,-0.6679735778333653,-0.13359471556667307,-0.35814782226841524,-0.02507034755878907,-1.0307521965086488,-0.04123008786034595,0.1911185599853301,0.007644742399413203,-0.7785440339308918,-0.11678160508963376,-1.004145888200596,-0.1004145888200596,-0.06134051553946169,-0.013494913418681571,-0.3558367013632112,-0.04625877117721746,-0.25790907684457937,-0.012895453842228968,-0.4820957409342162,276
600219,南山铝业,unknown,-0.1431492842535786,-0.01796264456424,0.5465498357064622,0.583789704271632,2.09,21.638107,0.0095470400974093,-0.3538684446720991,0.489481941435498,-1.097079836969386,-0.2194159673938772,-0.17780185703949325,-0.012446129992764529,-0.19578917693317863,-0.007831567077327146,-0.5086683523074613,-0.020346734092298452,-0.28780792142027917,-0.043171188213041875,-0.5317263487783448,-0.05317263487783448,-0.4701564953747918,-0.1034344289824542,-0.22768752085111035,-0.02959937771064435,-0.3147146750039628,-0.015735733750198138,-0.5051537620904404,277
601727,上海电气,unknown,-0.1186224489795918,-0.2197458352912187,0.6166484118291348,0.6659364731653888,0.69,18.356684,0.0931977028461696,0.3015337035022356,0.4194201322417523,-0.9164283445249393,-0.18328566890498788,-1.1589806758140277,-0.08112864730698195,-0.39897409424431984,-0.015958963769772794,-0.7378562056784628,-0.029514248227138513,-0.6175403832722938,-0.09263105749084406,-0.6762163473419885,-0.06762163473419885,-0.22314862645146208,-0.04909269781932166,0.047315913523300356,0.006151068758029047,0.042495392944304114,0.002124769647215206,-0.5109570798480014,278
600905,三峡能源,unknown,-0.0973871733966745,-0.4099714541577232,0.9671412924424972,0.0065717415115005,1.17,39.65831,-0.0891777420457134,-0.5749151915664326,0.2058247333975556,-0.7600207124896807,-0.15200414249793615,-2.083960340114365,-0.14587722380800555,-1.4148986808000248,-0.056595947232000995,1.101758297379443,0.04407033189517772,-0.5044892534944602,-0.07567338802416902,0.26175230532585636,0.026175230532585636,-0.7616759794502977,-0.16756871547906552,-0.32043762049994945,-0.04165689066499343,1.1315113320500225,0.056575566602501126,-0.5125551786759062,279
600089,特变电工,unknown,-0.1557928034796361,-0.2221414696787388,0.7864184008762322,0.5027382256297919,2.5539,21.119184,0.0675042135450365,0.1339522025674673,0.4104425909986093,-1.1902052073003813,-0.23804104146007626,-1.1706295436413932,-0.08194406805489753,-0.8910625658572393,-0.03564250263428957,-0.2825363369814063,-0.011301453479256252,-0.1785487149537437,-0.026782307243061552,-0.5545759428491616,-0.05545759428491616,-0.2990176492294235,-0.06578388283047316,-0.023000438693508693,-0.00299005703015613,0.0882673784864323,0.004413368924321616,-0.513529538092805,280
600188,兖矿能源,unknown,-0.249500998003992,0.1478563285213066,0.9419496166484118,0.4830230010952902,3.84,25.918172,0.0183061359380953,0.4214394280557323,0.5745189973842804,-1.8804094267193392,-0.3760818853438679,0.6284995179973422,0.04399496625981396,-1.3418791011413336,-0.05367516404565335,-0.22753125217236592,-0.009101250086894637,0.12435765589473918,0.018653648384210877,-0.3432634210478139,-0.03432634210478139,-0.44429219823465815,-0.0977442836116248,0.0976277505308785,0.012691607569014204,-0.7482760243774061,-0.03741380121887031,-0.5330025041986534,281
601618,中国中冶,unknown,-0.0727272727272727,-0.0365606090532321,0.9539978094194962,0.0076670317634173,1.59,8.600831,-0.245914127996995,0.0158697764941146,0.2031346584030964,-0.578389131827333,-0.1156778263654666,-0.26823520167626347,-0.018776464117338444,-1.376801508804186,-0.05507206035216744,1.098702459334496,0.043948098373379846,-0.4055695149388558,-0.06083542724082837,-1.1057931455655399,-0.110579314556554,-1.224495034367401,-0.26938890756082823,-0.07254722885873825,-0.009431139751635974,1.1452266768664747,0.05726133384332374,-0.5385517077281156,282
601698,中国卫通,unknown,-0.0622458554895213,0.0088278638193759,0.8422782037239869,0.9025191675794084,0.1682,19.037802,0.0070691160339844,-0.6189679168124507,0.5380246657126838,-0.501188643228587,-0.10023772864571741,-0.0475319407223706,-0.0033272358505659423,-1.052975546839555,-0.0421190218735822,-1.3979172233869466,-0.05591668893547786,-0.7404363822682803,-0.11106545734024205,-0.6462248653411397,-0.06462248653411397,-0.4774734337246854,-0.1050441554194308,-0.33892192173386126,-0.04405984982540197,-0.562209708846101,-0.02811048544230505,-0.5545031098668373,283
301236,软通动力,unknown,-0.0768862275449101,-0.0773630733965033,0.9612452350698856,0.3634053367217281,-2.82,7.783908,0.1578665554362024,0.7699108383839235,0.7299710845065177,-0.60902175876115,-0.12180435175222999,-0.4666388131128044,-0.03266471691789631,-1.3978086057089223,-0.05591234422835689,0.10619965522931478,0.004247986209172591,-1.444226769772702,-0.2166340154659053,-1.141764491867619,-0.11417644918676191,-0.03219119779417763,-0.0070820635147190785,0.24384459600276182,0.03169979748035904,-1.5408483436287805,-0.07704241718143903,-0.5893685745577769,284
001979,招商蛇口,unknown,-0.2047337278106508,-0.0042940663084788,0.9693318729463308,0.0076670317634173,0.04,10.194059,0.1574341167011568,-0.9121797135754002,0.382638924079293,-1.550677764124114,-0.31013555282482286,-0.11133784971065112,-0.00779364947974558,-1.4212482094659982,-0.056849928378639926,1.098702459334496,0.043948098373379846,-0.7706304548464434,-0.11559456822696651,-1.035638974210138,-0.1035638974210138,-0.03346812456168365,-0.007362987403570403,-0.4619521121803143,-0.06005377458344086,0.23002434799310245,0.011501217399655123,-0.605905042545165,285
601898,中煤能源,unknown,-0.2030878859857482,0.1475283333826451,0.7634173055859803,0.6670317634173056,2.37,25.509379,-0.1094738964286096,-0.0318656763589596,0.5045533405323076,-1.5385553774127927,-0.30771107548255855,0.6269046285441809,0.04388332399809267,-0.8243925148645214,-0.03297570059458085,-0.7409120437234096,-0.029636481748936384,-0.22186142904987616,-0.03327921435748142,-0.3612636910473926,-0.03612636910473926,-0.8216074812067782,-0.1807536458654912,-0.09257678401442461,-0.0120349819218752,-0.39155618905278056,-0.01957780945263903,-0.6082119545302093,286
300433,蓝思科技,unknown,0.1346749226006192,-0.2477019035591594,0.9233296823658268,0.991237677984666,-0.27,14.554598,-0.1713422022998493,-1.3488133916247704,0.743983562147222,0.9492240193881615,0.1898448038776323,-1.2949181735902033,-0.09064427215131424,-1.2879081074805614,-0.051516324299222455,-1.645440105027629,-0.06581760420110516,-0.843642642827961,-0.12654639642419413,-0.8436325569190076,-0.08436325569190077,-1.0042953151699123,-0.22094496933738073,-0.6451614003426835,-0.08387098204454886,-1.612290947634593,-0.08061454738172966,-0.6144735476537637,287
600760,中航沈飞,unknown,0.008148148148148,-0.0720120213003525,0.0974808324205914,0.0076670317634173,0.7,10.580759,-0.5523114365484747,-0.6168727932836741,0.3223824166804204,0.017295770852026535,0.003459154170405307,-0.4406191087162862,-0.030843337610140034,1.1058641995913188,0.04423456798365275,1.098702459334496,0.043948098373379846,-0.6151851514019223,-0.09227777271028835,-1.0186115192174225,-0.10186115192174226,-2.129240361448107,-0.4684328795185835,-0.3380428184726694,-0.04394556640144703,0.5372420940086872,0.02686210470043436,-0.6188567829343289,288
601868,中国能建,unknown,-0.0899653979238754,-0.336773760863033,0.9380733944954128,0.4782110091743119,1.246,10.797012,0.0164136154088347,-0.0975276063379945,0.4539887103148197,-0.7053559014461314,-0.14107118028922627,-1.7280336348959886,-0.12096235444271922,-1.3306436392931722,-0.053225745571726886,-0.21410589030288116,-0.008564235612115247,-0.4865894912796365,-0.07298842369194547,-1.0090893102064589,-0.1009089310206459,-0.4498805276927321,-0.09897371609240106,-0.12012819851952859,-0.015616665807538718,-0.13375246968522214,-0.006687623484261107,-0.6189988760125799,289
600023,浙能电力,unknown,-0.0968280467445743,-0.2465687582446311,0.4337349397590361,0.5487404162102957,1.23,5.44992,-0.1102364121865902,-0.118403453313472,0.4354300170979092,-0.7559024859415334,-0.1511804971883067,-1.2894082092705634,-0.09025857464893945,0.1312115493644391,0.005248461974577564,-0.41088153486916706,-0.016435261394766684,-0.490357862272231,-0.07355367934083465,-1.244536345044598,-0.12445363450445981,-0.8238590759486505,-0.18124899670870312,-0.12888759857600185,-0.01675538781488024,-0.039130989861440625,-0.0019565494930720313,-0.6505941191193851,290
002938,鹏鼎控股,unknown,-0.0937708036138849,-0.1442037934131995,0.976998904709748,0.976998904709748,1.35,22.948496,-0.0124864389630238,-0.0520674737139589,0.7950302308585475,-0.7333844754377348,-0.14667689508754697,-0.7916544820381588,-0.05541581374267112,-1.443471559796904,-0.05773886239187616,-1.6057142104433215,-0.06422856841773286,-0.4620950798277726,-0.06931426197416589,-0.4740263495012585,-0.04740263495012585,-0.5352180565010968,-0.1177479724302413,-0.10105335625123536,-0.013136936312660597,-1.8725523398073345,-0.09362761699036673,-0.6652895622973874,291
601012,隆基绿能,unknown,-0.0594059405940594,-0.0752641413333337,0.3702081051478642,0.0930996714129244,-3.61,-1.187933,-0.1802546120150258,0.3419756645620464,0.3639932306852005,-0.48027135575348695,-0.0960542711506974,-0.45643267218000866,-0.03195028705260061,0.31534788067766056,0.012613915227106422,0.8603470918286545,0.034413883673146184,-1.6302900875320532,-0.24454351312980796,-1.536819104821585,-0.1536819104821585,-1.0306123252016104,-0.2267347115443543,0.06428515632371583,0.008357070322083058,0.3250893981380093,0.016254469906900465,-0.6813253542303825,292
600588,用友网络,unknown,-0.1419234360410832,-0.0528754976169147,0.4600219058050383,0.1851040525739321,-10.28,44.717825,0.0589501856033702,-0.0179459856799948,0.4294985407968362,-1.0880508975801888,-0.21761017951603778,-0.3475669985007648,-0.024329689895053536,0.05501720537276111,0.0022006882149104446,0.6036566960531329,0.024146267842125316,-3.201229745069866,-0.48018446176047985,0.48453654103174804,0.04845365410317481,-0.32427641160083004,-0.07134081055218261,-0.08673615204089839,-0.011275699765316791,-0.008889363547158158,-0.00044446817735790793,-0.7303846995062179,293
300316,晶盛机电,unknown,-0.0141133156064634,0.0816011088571617,0.9660460021905805,0.447973713033954,0.6,29.443539,-0.4488228307791533,-0.8210029634918872,0.8033880517328184,-0.14667021197225513,-0.02933404239445103,0.3063308679056112,0.021443160753392785,-1.411723916467038,-0.05646895665868153,-0.12974443473407202,-0.005189777389362881,-0.6387374701056375,-0.09581062051584563,-0.18803190326838778,-0.01880319032683878,-1.8236540202411982,-0.4012038844530636,-0.42369480790093644,-0.05508032502712174,-1.9151646816345598,-0.095758234081728,-0.7362058700937004,294
000002,万科A,unknown,-0.0553846153846154,-0.1115288578411906,0.3680175246440306,0.104052573932092,-5.23,9.145383,-0.2386325595234685,-0.0470769289344534,0.3369538424478351,-0.450652434576933,-0.09013048691538661,-0.6327713036496467,-0.04429399125547528,0.32169740934363394,0.012867896373745358,0.8297887113791876,0.03319154845516751,-2.0118376505322417,-0.30177564757983627,-1.081815036770109,-0.1081815036770109,-1.2029936540798702,-0.26465860389757145,-0.09895934884282778,-0.012864715349567611,0.46294969350718856,0.02314748467535943,-0.7526980191705759,295
688223,晶科能源,unknown,-0.1747211895910779,-0.0107675977229629,0.2663378545006165,0.0579531442663378,-5.4,6.156302,-0.1152384840268949,-0.02848536253813,0.4997191143185042,-1.3296215307843722,-0.26592430615687446,-0.14281565459459442,-0.00999709582162161,0.6164220173607652,0.02465688069443061,0.9584052043831461,0.03833620817532585,-2.051876592328558,-0.30778148884928364,-1.213432420263982,-0.1213432420263982,-0.8386294443459217,-0.18449847775610276,-0.09115842139144438,-0.01185059478088777,-0.3669088912712645,-0.018345444563563226,-0.8567475610849752,296
300251,光线传媒,unknown,-0.0514950166112956,0.1377279763432388,0.0328587075575027,0.6659364731653888,0.23,44.129931,-0.935918186359167,-0.9884533196808862,0.4353312933554256,-0.422003739563453,-0.0844007479126906,0.5792500012739437,0.04054750008917606,1.2931752952375268,0.051727011809501074,-0.7378562056784628,-0.029514248227138513,-0.7258810493093844,-0.10888215739640765,0.45864996584300377,0.04586499658430038,-3.2619735958509426,-0.7176341910872074,-0.49395613244414516,-0.06421429721773887,-0.03862764695370679,-0.0019313823476853394,-0.8684375157058908,297
600438,通威股份,unknown,-0.1441176470588234,-0.0009653982206366,0.3702081051478642,0.0350492880613362,-6.49,-4.028204,-0.2390149438899762,-0.057211666525864,0.3945726480211802,-1.1042122771737977,-0.22084245543475955,-0.09515206827486956,-0.00666064477924087,0.31534788067766056,0.012613915227106422,1.0223065082108291,0.04089226032843317,-2.308596866199055,-0.34628952992985823,-1.6618839784176922,-0.16618839784176923,-1.2041227777995993,-0.26490701111591186,-0.10321183359876729,-0.013417538367839748,0.16918026775576372,0.008459013387788187,-0.9563403885260516,298
600010,包钢股份,unknown,-0.0909090909090908,-0.2261838325216125,0.0383351588170865,0.6790799561883899,-0.89,6.601383,-0.1373188196612618,-11.290351444972014,0.3788265366280189,-0.7123066370092037,-0.14246132740184075,-1.19028569430954,-0.0833199986016678,1.277301473572594,0.051092058942903765,-0.7745262622178228,-0.030981050488712913,-0.9896670187909961,-0.1484500528186494,-1.1938342907175306,-0.11938342907175306,-0.9038293659118467,-0.19884246050060628,-4.81658060494859,-0.6261554786433167,0.24946180180975766,0.012473090090487884,-1.2860286484931551,299
688303,大全能源,unknown,-0.1695247427731504,-0.4275824504679819,0.1379690949227373,0.0419426048565121,-2.08,-120.761483,-0.7921883973208286,0.4351097319506576,0.6539484370485968,-1.2913472951326803,-0.2582694590265361,-2.1695945125887324,-0.15187161588121129,0.9885065480724958,0.03954026192289983,1.0030742912877761,0.04012297165151105,-1.2699396113652086,-0.19049094170478129,-6.801968421977524,-0.6801968421977524,-2.83756107209379,-0.6242634358606338,0.10336374106816669,0.01343728633886167,-1.1532469474251092,-0.05766234737125547,-1.8696541221288978,300
